Workbook

Sheet OCT2012
C1: Amount | L1: Amount | M1: UNCLAIMED
A2: Numbers | C2: sold | L2: left | M2: =SUM(L6:L80) -> 585
C3: =SUM(C6:C80) -> 17750 | L3: =SUM(L6:L79) -> 585 | M3: =SUM(L3/C3) -> 0.032957746
B4: Unit | C4: Sales | J4: Service(s) | K4: Value | O4: Customer | P4: Phone
A5: No | B5: Price | C5: Price | D5: (USED) | J5: left | K5: left | L5: Value amount left | M5: issued on | N5: expires at | O5: Name | Q5: e-mail
A6: 335 | B6: 45 | C6: 225 | D6: 0 | E6: 0 | F6: 0 | G6: 0 | H6: 0 | I6: 1 | J6: =SUM(D6:I6) -> 1 | K6: =SUM(J6-1) -> 0 | L6: =SUM(K6*B6) -> 0 | M6: Oct 20/12 | N6: Oct 20/14
A7: 355 | B7: 100 | C7: 100 | D7: 0 | J7: =SUM(D7:I7) -> 0 | K7: 0 | L7: =SUM(K7*B7) -> 0 | M7: Oct 20/12 | N7: Oct 20/14 | Q7: Finished
A8: 354 | B8: 60 | C8: 300 | D8: 0 | E8: 0 | F8: 0 | G8: 0 | H8: 0 | I8: 1 | J8: =SUM(D8:I8) -> 1 | K8: =SUM(J8-1) -> 0 | L8: =SUM(K8*B8) -> 0 | M8: Oct 20/12 | N8: Oct 20/14 | Q8: lost
A9: 478 | B9: 50 | C9: 250 | D9: 0 | E9: 0 | F9: 0 | G9: 0 | H9: 0 | I9: 0 | J9: =SUM(D9:I9) -> 0 | K9: 0 | L9: =SUM(K9*B9) -> 0 | M9: Oct 25/12 | N9: Oct 25/14
A10: 499 | B10: 45 | C10: 225 | D10: 0 | E10: 0 | F10: 0 | G10: 0 | H10: 1 | I10: 1 | J10: =SUM(D10:I10) -> 2 | K10: =SUM(J10-1) -> 1 | L10: =SUM(K10*B10) -> 45 | M10: Oct 26/12 | N10: Oct 26/14
A11: 609 | B11: 60 | C11: 300 | D11: 0 | E11: 0 | F11: 0 | G11: 0 | H11: 0 | I11: 0 | J11: =SUM(D11:I11) -> 0 | K11: 0 | L11: =SUM(K11*B11) -> 0 | M11: Oct 26/12 | N11: Oct 26/14
A12: 709(120002) | B12: 45 | C12: 225 | D12: 0 | E12: 0 | F12: 0 | G12: 0 | H12: 0 | I12: 0 | J12: =SUM(D12:I12) -> 0 | K12: 0 | L12: =SUM(K12*B12) -> 0 | M12: Oct 28/12 | N12: Oct 28/14
A13: 120001 | D13: S | E13: A | F13: M | G13: P | H13: L | I13: E | K13: 0 | L13: =SUM(K13*B13) -> 0
A14: 120003 | B14: 60 | C14: 300 | D14: 0 | E14: 0 | F14: 0 | G14: 0 | H14: 0 | I14: 0 | J14: =SUM(D14:I14) -> 0 | K14: 0 | L14: =SUM(K14*B14) -> 0 | M14: Oct 29/12 | N14: Oct 29/14
A15: 120004 | B15: 45 | C15: 225 | D15: 0 | E15: 0 | F15: 0 | G15: 0 | H15: 0 | I15: 0 | J15: =SUM(D15:I15) -> 0 | K15: 0 | L15: =SUM(K15*B15) -> 0 | M15: Oct 29/12 | N15: Oct 29/14
A16: 120005 | B16: 45 | C16: 225 | D16: 0 | E16: 0 | F16: 0 | G16: 0 | H16: 0 | I16: 0 | J16: =SUM(D16:I16) -> 0 | K16: 0 | L16: =SUM(K16*B16) -> 0 | M16: Oct 29/12 | N16: Oct 29/14 | O16: R8 | P16: Alex
A17: 120006 | B17: 45 | C17: 225 | D17: 0 | E17: 0 | F17: 0 | G17: 0 | H17: 0 | I17: 0 | J17: =SUM(D17:I17) -> 0 | K17: 0 | L17: =SUM(K17*B17) -> 0 | M17: Oct 29/12 | N17: Oct 29/14 | O17: C68 | P17: Daniel
A18: 120007 | B18: 60 | C18: 300 | D18: 0 | E18: 0 | F18: 0 | G18: 0 | H18: 0 | I18: 0 | J18: =SUM(D18:I18) -> 0 | K18: 0 | L18: =SUM(K18*B18) -> 0 | M18: Oct 29/12 | N18: Oct 29/14
A19: 120008 | B19: 45 | C19: 225 | D19: 0 | E19: 0 | F19: 0 | G19: 0 | H19: 0 | I19: 1 | J19: =SUM(D19:I19) -> 1 | K19: =SUM(J19-1) -> 0 | L19: =SUM(K19*B19) -> 0 | M19: Oct 30/12 | N19: Oct 30/14 | Q19: =SUM(C6:C19) -> 3125 | R19: 13장+Sample 1장 | S19: 10월 합계
A20: 120009 | B20: 80 | C20: 400 | D20: 0 | E20: 0 | F20: 0 | G20: 0 | H20: 0 | I20: 0 | J20: =SUM(D20:I20) -> 0 | K20: 0 | L20: =SUM(K20*B20) -> 0 | M20: Nov 01/12 | N20: Nov 01/14
A21: 120010 | B21: COMP | G21: 0 | H21: 0 | I21: 1 | J21: =SUM(G21:I21) -> 1 | K21: 0 | L21: 0 | M21: Nov 01/12 | N21: Nov 01/14 | O21: Dent damage | P21: 권부장
A22: 120012 | B22: 45 | C22: 225 | D22: 0 | E22: 0 | F22: 0 | G22: 0 | H22: 0 | I22: 0 | J22: 0 | K22: 0 | L22: =SUM(K22*B22) -> 0 | M22: Nov 02/12 | N22: Nov 02/14
A23: 120013 | B23: 60 | C23: =B23*5 -> 300 | D23: 0 | E23: 0 | F23: 0 | G23: 0 | H23: 0 | I23: 0 | J23: =SUM(D23:I23) -> 0 | K23: 0 | L23: =SUM(K23*B23) -> 0 | M23: Nov 02/12 | N23: Nov 02/14
A24: 120011 | B24: 45 | C24: =B24*5 -> 225 | D24: 0 | E24: 0 | F24: 0 | G24: 1 | H24: 1 | I24: 1 | J24: =SUM(D24:I24) -> 3 | K24: =SUM(J24-1) -> 2 | L24: =SUM(K24*B24) -> 90 | M24: Nov 02/12 | N24: Nov 02/14
A25: 120014 | B25: 45 | C25: 225 | D25: 0 | E25: 0 | F25: 0 | G25: 0 | H25: 0 | I25: 0 | J25: =SUM(D25:I25) -> 0 | K25: 0 | L25: =SUM(K25*B25) -> 0 | M25: Nov 02/12 | N25: Nov 02/14
A26: 120015 | B26: 60 | C26: 300 | D26: 0 | E26: 0 | F26: 0 | G26: 0 | H26: 0 | I26: 1 | J26: =SUM(D26:I26) -> 1 | K26: =SUM(J26-1) -> 0 | L26: =SUM(K26*B26) -> 0 | M26: Nov 04/12 | N26: Nov 04/14
A27: 120016 | B27: 40 | C27: 200 | D27: 0 | E27: 0 | F27: 0 | G27: 0 | H27: 0 | I27: 0 | J27: =SUM(D27:I27) -> 0 | K27: 0 | L27: =SUM(K27*B27) -> 0 | M27: Nov 04/12 | N27: Nov 04/14
A28: 120017 | B28: 45 | C28: 225 | D28: 0 | E28: 0 | F28: 0 | G28: 0 | H28: 0 | I28: 0 | J28: =SUM(G28:I28) -> 0 | K28: 0 | L28: 0 | M28: Nov 04/12 | N28: Nov 04/14
A29: 120018 | B29: 60 | C29: 300 | D29: 0 | E29: 0 | F29: 0 | G29: 0 | H29: 0 | I29: 0 | J29: =SUM(D29:I29) -> 0 | K29: 0 | L29: =SUM(K29*B29) -> 0 | M29: Nov 05/12 | N29: Nov 05/14
A30: 120019 | B30: 60 | C30: 300 | D30: 0 | E30: 0 | F30: 0 | G30: 1 | H30: 1 | I30: 1 | J30: =SUM(D30:I30) -> 3 | K30: =SUM(J30-1) -> 2 | L30: =SUM(K30*B30) -> 120 | M30: Nov 05/12 | N30: Nov 05/14
A31: 120020 | C31: 525 | J31: =SUM(D31:I31) -> 0 | K31: 0 | L31: =SUM(K31*B31) -> 0 | M31: Nov. 08/12 | N31: Feb 08/13 | O31: Chris MULTI-DLX, 1 BUFF
A32: 120021 | B32: 45 | C32: 225 | D32: 0 | E32: 1 | F32: 1 | G32: 1 | H32: 1 | I32: 1 | J32: =SUM(D32:I32) -> 5 | K32: =SUM(J32-1) -> 4 | L32: =SUM(K32*B32) -> 180 | M32: Nov 08/12 | N32: Nov 08/14 | O32: 분실/회수 | Q32: 우편물로 GV만 배달 11/02/13
A33: 120022 | B33: 50 | C33: 250 | D33: 0 | E33: 0 | F33: 0 | G33: 0 | H33: 0 | I33: 0 | J33: =SUM(D33:I33) -> 0 | K33: 0 | L33: =SUM(K33*B33) -> 0 | M33: Nov 08/12 | N33: Nov 08/14
A34: 120023 | B34: 35 | C34: 175 | D34: 0 | E34: 0 | F34: 0 | G34: 0 | H34: 0 | I34: 0 | J34: =SUM(D34:I34) -> 0 | K34: 0 | L34: =SUM(K34*B34) -> 0 | M34: Nov 08/12 | N34: Nov 08/14
A35: 120024 | B35: 45 | C35: 225 | D35: 0 | E35: 0 | F35: 0 | G35: 0 | H35: 0 | I35: 0 | J35: =SUM(D35:I35) -> 0 | K35: 0 | L35: =SUM(K35*B35) -> 0 | M35: Nov 08/12 | N35: Nov 08/14
A36: 120025 | B36: 50 | C36: 250 | D36: 0 | E36: 0 | F36: 0 | G36: 0 | H36: 0 | I36: 0 | J36: =SUM(D36:I36) -> 0 | K36: 0 | L36: =SUM(K36*B36) -> 0 | M36: Nov 09/12 | N36: Nov 09/14 | O36: Audi
A37: 120026 | B37: 45 | C37: 225 | D37: 0 | E37: 0 | F37: 0 | G37: 0 | H37: 0 | I37: 0 | J37: =SUM(D37:I37) -> 0 | K37: 0 | L37: =SUM(K37*B37) -> 0 | M37: Nov 10/12 | N37: Nov 10/14 | O37: MICHELLE | P37: 8078 6047 | Q37: michelleb@eapro.com.au
A38: 120027 | B38: 45 | C38: 225 | D38: 0 | E38: 0 | F38: 0 | G38: 0 | H38: 0 | I38: 0 | J38: =SUM(D38:I38) -> 0 | K38: 0 | L38: =SUM(K38*B38) -> 0 | M38: Nov 10/12 | N38: Nov 10/14 | O38: 한국부부
A39: 120028 | B39: 50 | C39: 250 | D39: 0 | E39: 0 | F39: 0 | G39: 0 | H39: 0 | I39: 1 | J39: =SUM(D39:I39) -> 1 | K39: =SUM(J39-1) -> 0 | L39: =SUM(K39*B39) -> 0 | M39: Nov 10/12 | N39: Nov 10/14 | O39: HELEN
A40: 120029 | B40: 45 | C40: 225 | D40: 0 | E40: 0 | F40: 0 | G40: 0 | H40: 0 | I40: 0 | J40: =SUM(D40:I40) -> 0 | K40: 0 | L40: =SUM(K40*B40) -> 0 | M40: Nov 10/12 | N40: Nov 10/14 | O40: HELEN
A41: =A40+1 -> 120030 | B41: 60 | C41: 300 | D41: 0 | E41: 0 | F41: 0 | G41: 0 | H41: 0 | I41: 0 | J41: =SUM(D41:I41) -> 0 | K41: 0 | L41: =SUM(K41*B41) -> 0 | M41: Nov 11/12 | N41: Nov 11/14 | O41: AUS LAIDY
A42: =A41+1 -> 120031 | B42: 45 | C42: 225 | D42: 0 | E42: 0 | F42: 0 | G42: 0 | H42: 0 | I42: 0 | J42: =SUM(D42:I42) -> 0 | K42: 0 | L42: =SUM(K42*B42) -> 0 | M42: Nov 11/12 | N42: Nov 11/14 | O42: JAPANESE
A43: =A42+1 -> 120032 | B43: 45 | C43: 225 | D43: 0 | E43: 0 | F43: 0 | G43: 0 | H43: 1 | I43: 1 | J43: =SUM(D43:I43) -> 2 | K43: =SUM(J43-1) -> 1 | L43: =SUM(K43*B43) -> 45 | M43: Nov 12/12 | N43: Nov 12/14 | O43: Richard | P43: 분실
A44: =A43+1 -> 120033 | B44: 60 | C44: 300 | D44: 0 | E44: 0 | F44: 0 | G44: 0 | H44: 0 | I44: 0 | J44: =SUM(D44:I44) -> 0 | K44: 0 | L44: =SUM(K44*B44) -> 0 | M44: Nov 12/12 | N44: Nov 12/14 | O44: AUS LADY
A45: =A44+1 -> 120034 | B45: 45 | C45: 215 | D45: 0 | E45: 0 | F45: 0 | G45: 0 | H45: 0 | I45: 0 | J45: =SUM(D45:I45) -> 0 | K45: 0 | L45: =SUM(K45*B45) -> 0 | M45: Nov 13/12 | N45: Nov 13/14 | O45: Asian girl
A46: =A45+1 -> 120035 | B46: 50 | C46: 250 | D46: 0 | E46: 0 | F46: 0 | G46: 0 | H46: 0 | I46: 1 | J46: =SUM(D46:I46) -> 1 | K46: =SUM(J46-1) -> 0 | L46: =SUM(K46*B46) -> 0 | M46: Nov 15/12 | N46: Nov 15/14 | O46: Kor Lady | P46: Landrover
A47: =A46+1 -> 120036 | B47: 45 | C47: 225 | D47: 0 | E47: 0 | F47: 0 | G47: 0 | H47: 0 | I47: 0 | J47: =SUM(D47:I47) -> 0 | K47: 0 | L47: =SUM(K47*B47) -> 0 | M47: Nov 15/12 | N47: Nov 15/14 | O47: White LXS
A48: =A47+1 -> 120037 | B48: 45 | C48: 225 | D48: 0 | E48: 0 | F48: 0 | G48: 0 | H48: 0 | I48: 0 | J48: =SUM(D48:I48) -> 0 | K48: 0 | L48: =SUM(K48*B48) -> 0 | M48: Nov 17/12 | N48: Nov 15/14 | O48: West Asian | P48: golf
A49: =A48+1 -> 120038 | B49: 50 | C49: 250 | D49: 0 | E49: 0 | F49: 0 | G49: 0 | H49: 0 | I49: 0 | J49: =SUM(D49:I49) -> 0 | K49: 0 | L49: =SUM(K49*B49) -> 0 | M49: Nov 19/12 | N49: Nov 17/14 | O49: Asian lady
A50: =A49+1 -> 120039 | B50: 45 | C50: 225 | D50: 0 | E50: 0 | F50: 0 | G50: 0 | H50: 0 | I50: 0 | J50: =SUM(D50:I50) -> 0 | K50: 0 | L50: =SUM(K50*B50) -> 0 | M50: Nov 24/12 | N50: Nov 24/14 | O50: Aussie
A51: =A50+1 -> 120040 | B51: 45 | C51: 225 | D51: 0 | E51: 0 | F51: 0 | G51: 0 | H51: 1 | I51: 1 | J51: =SUM(D51:I51) -> 2 | K51: =SUM(J51-1) -> 1 | L51: =SUM(K51*B51) -> 45 | M51: Nov 25/12 | N51: Nov 25/14 | O51: ASIAN/BLUE BMW
A52: =A51+1 -> 120041 | B52: 60 | C52: 300 | D52: 0 | E52: 0 | F52: 0 | G52: 0 | H52: 0 | I52: 0 | J52: =SUM(D52:I52) -> 0 | K52: 0 | L52: =SUM(K52*B52) -> 0 | M52: Nov 26/12 | N52: Nov 26/14 | O52: CHE GIRL
A53: =A52+1 -> 120042 | B53: 45 | C53: 225 | D53: 0 | E53: 0 | F53: 0 | G53: 0 | H53: 0 | I53: 0 | J53: =SUM(D53:I53) -> 0 | K53: 0 | L53: =SUM(K53*B53) -> 0 | M53: Nov 27/12 | N53: Nov 27/14 | O53: Red Mec | P53: c class
A54: =A53+1 -> 120043 | B54: 45 | C54: 225 | D54: 0 | E54: 0 | F54: 0 | G54: 0 | H54: 0 | I54: 0 | J54: =SUM(D54:I54) -> 0 | K54: 0 | L54: =SUM(K54*B54) -> 0 | M54: Nov 27/12 | N54: Nov 27/14 | O54: Trisha | P54: Indonesian
A55: =A54+1 -> 120044 | B55: 45 | C55: 225 | D55: 0 | E55: 0 | F55: 0 | G55: 0 | H55: 0 | I55: 0 | J55: =SUM(D55:I55) -> 0 | K55: 0 | L55: =SUM(K55*B55) -> 0 | M55: Nov 29/12 | N55: Nov 29/14 | Q55: =SUM(C20:C55) -> 8915 | R55: 45장 +Compliment 1장 | S55: 11월합계
A56: =A55+1 -> 120045 | B56: 60 | C56: 300 | D56: 0 | E56: 0 | F56: 0 | G56: 0 | H56: 0 | I56: 0 | J56: =SUM(D56:I56) -> 0 | K56: 0 | L56: =SUM(K56*B56) -> 0 | M56: Dec 01/12 | N56: Dec 01/14
A57: =A56+1 -> 120046 | B57: 45 | C57: 225 | D57: 0 | E57: 0 | F57: 0 | G57: 0 | H57: 0 | I57: 0 | J57: =SUM(D57:I57) -> 0 | K57: 0 | M57: Dec 03/12 | N57: Dec 03/14
A58: =A57+1 -> 120047 | B58: 50 | C58: 250 | D58: 0 | E58: 0 | F58: 0 | G58: 0 | H58: 0 | I58: 0 | J58: =SUM(D58:I58) -> 0 | K58: 0 | L58: =SUM(K58*B58) -> 0 | M58: Dec 04/12 | N58: Dec 04/14 | O58: John
A59: =A58+1 -> 120048 | B59: 45 | C59: 225 | D59: 0 | E59: 0 | F59: 0 | G59: 0 | H59: 0 | I59: 0 | J59: =SUM(D59:I59) -> 0 | K59: 0 | L59: =SUM(K59*B59) -> 0 | M59: Dec 06/12 | N59: Dec 06/14
A60: =A59+1 -> 120049 | B60: 50 | C60: 250 | D60: 0 | E60: 0 | F60: 0 | G60: 0 | H60: 0 | I60: 0 | J60: =SUM(D60:I60) -> 0 | K60: 0 | L60: =SUM(K60*B60) -> 0 | M60: Dec 07/12 | N60: Dec 07/14
A61: =A60+1 -> 120050 | B61: 45 | C61: 225 | D61: 0 | E61: 0 | F61: 0 | G61: 0 | H61: 0 | I61: 0 | J61: =SUM(D61:I61) -> 0 | K61: 0 | L61: =SUM(K61*B61) -> 0 | M61: Dec 08/12 | N61: Dec 08/14
A62: =A61+1 -> 120051 | B62: 60 | C62: 60 | D62: 1 | E62: 0 | F62: 0 | G62: 0 | H62: 0 | I62: 0 | J62: =SUM(D62:I62) -> 1 | K62: 1 | L62: =SUM(K62*B62) -> 60 | M62: Dec 08/12 | N62: Dec 08/14
A63: =A62+1 -> 120052 | B63: 60 | C63: 300 | D63: 0 | E63: 0 | F63: 0 | G63: 0 | H63: 0 | I63: 0 | J63: =SUM(D63:I63) -> 0 | K63: 0 | L63: =SUM(K63*B63) -> 0 | M63: Dec 08/12 | N63: Dec 08/14
A64: =A63+1 -> 120053 | B64: 60 | C64: 300 | D64: 0 | E64: 0 | F64: 0 | G64: 0 | H64: 0 | I64: 0 | J64: =SUM(D64:I64) -> 0 | K64: 0 | L64: =SUM(K64*B64) -> 0 | M64: Dec 08/12 | N64: Dec 08/14
A65: =A64+1 -> 120054 | B65: 45 | C65: 225 | D65: 0 | E65: 0 | F65: 0 | G65: 0 | H65: 0 | I65: 0 | J65: =SUM(D65:I65) -> 0 | K65: 0 | L65: =SUM(K65*B65) -> 0 | M65: Dec 08/12 | N65: Dec 08/14 | O65: 회색 푸죠
A66: =A65+1 -> 120055 | B66: 45 | C66: 225 | D66: 0 | E66: 0 | F66: 0 | G66: 0 | H66: 0 | I66: 0 | J66: =SUM(D66:I66) -> 0 | K66: 0 | L66: =SUM(K66*B66) -> 0 | M66: Dec 08/12 | N66: Dec 08/14 | O66: BLK PORCHE
A67: =A66+1 -> 120056 | B67: 45 | C67: 225 | D67: 0 | E67: 0 | F67: 0 | G67: 0 | H67: 0 | I67: 0 | J67: =SUM(D67:I67) -> 0 | K67: 0 | L67: =SUM(K67*B67) -> 0 | M67: Dec 09/12 | N67: Dec 09/14
A68: =A67+1 -> 120057 | B68: 50 | C68: 250 | D68: 0 | E68: 0 | F68: 0 | G68: 0 | H68: 0 | I68: 0 | J68: =SUM(D68:I68) -> 0 | K68: 0 | L68: =SUM(K68*B68) -> 0 | M68: Dec 09/12 | N68: Dec 09/14 | O68: CHE GIRL | P68: hyundai | Q68: =SUM(C56:C68) -> 3060
A69: =A68+1 -> 120058 | B69: 0 | C69: 0 | D69: 0 | E69: 0 | F69: 0 | G69: 0 | H69: 0 | I69: 0 | J69: 0 | K69: 0 | L69: =SUM(K69*B69) -> 0 | M69: 0 | N69: 0 | O69: 정희승 | P69: 452645757 | Q69: GV 첫 구매 한국 고객 | R69: 335번 새 GV로대체.
A70: =A69+1 -> 120059 | B70: 60 | C70: 300 | D70: 0 | E70: 0 | F70: 0 | G70: 0 | H70: 0 | I70: 0 | J70: =SUM(D70:I70) -> 0 | K70: 0 | L70: =SUM(K70*B70) -> 0 | M70: Dec 14/12 | N70: Dec 14/14 | O70: 중국여성
A71: =A70+1 -> 120060 | B71: 45 | C71: 225 | D71: 0 | E71: 0 | F71: 0 | G71: 0 | H71: 0 | I71: 0 | J71: =SUM(D71:I71) -> 0 | K71: 0 | L71: =SUM(K71*B71) -> 0 | M71: Dec 16/12 | N71: Dec 16/14
A72: =A71+1 -> 120061 | B72: 45 | C72: 225 | D72: 0 | E72: 0 | F72: 0 | G72: 0 | H72: 0 | I72: 0 | J72: =SUM(D72:I72) -> 0 | K72: 0 | L72: =SUM(K72*B72) -> 0 | M72: Dec 16/12 | N72: Dec 16/14
A73: 120062 | B73: 45 | C73: 225 | D73: 0 | E73: 0 | F73: 0 | G73: 0 | H73: 0 | I73: 1 | J73: =SUM(D73:I73) -> 1 | K73: =SUM(J73-1) -> 0 | L73: =SUM(K73*B73) -> 0 | M73: Dec 19/12 | N73: Dec 19/14
A74: 120063 | B74: 45 | C74: 225 | D74: 0 | E74: 0 | F74: 0 | G74: 0 | H74: 0 | I74: 1 | J74: =SUM(D74:I74) -> 1 | K74: =SUM(J74-1) -> 0 | L74: =SUM(K74*B74) -> 0 | M74: Dec 20/12 | N74: Dec 20/14
A75: 120064 | B75: 45 | C75: 225 | D75: 0 | E75: 0 | F75: 0 | G75: 0 | H75: 0 | I75: 0 | J75: =SUM(D75:I75) -> 0 | K75: 0 | L75: =SUM(K75*B75) -> 0 | M75: Dec 20/12 | N75: Dec 20/14
A76: 120065 | B76: 50 | C76: 250 | D76: 0 | E76: 0 | F76: 0 | G76: 0 | H76: 0 | I76: 1 | J76: =SUM(D76:I76) -> 1 | K76: =J76-1 -> 0 | L76: =B76*K76 -> 0 | M76: Dec 22/12 | N76: Dec 22/14
A77: 120066 | B77: 45 | C77: 225 | D77: 0 | E77: 0 | F77: 0 | G77: 0 | H77: 0 | I77: 0 | J77: =SUM(D77:I77) -> 0 | K77: 0 | L77: =B77*K77 -> 0 | M77: Dec 23/12 | N77: Dec 23/14
A78: 120067 | B78: 45 | C78: 225 | D78: 0 | E78: 0 | F78: 0 | G78: 0 | H78: 0 | I78: 0 | J78: =SUM(D78:I78) -> 0 | K78: 0 | L78: 0 | M78: Dec 28/12 | N78: Dec 28/14 | O78: 한국여성 | R78: White Jaguar
A79: 120068 | B79: 45 | C79: 225 | D79: 0 | E79: 0 | F79: 0 | G79: 0 | H79: 0 | I79: 0 | J79: =SUM(D79:I79) -> 0 | K79: 0 | L79: =B79*K79 -> 0 | M79: Dec 29/12 | N79: Dec 29/14 | O79: Chn guy
A80: 120069 | B80: 60 | C80: 300 | D80: 0 | E80: 0 | F80: 0 | G80: 0 | H80: 0 | I80: 1 | J80: =SUM(D80:I80) -> 1 | K80: =J80-1 -> 0 | L80: =B80*K80 -> 0 | M80: Dec 29/12 | N80: Dec 29/14 | O80: Chn guy | Q80: =SUM(C56:C80) -> 5710 | R80: 25장 + CV 교체 1 장 | S80: 12월 합계
A82: 2012년 마감

Sheet 2013
C1: Amount | L1: Amount | M1: UNCLAIMED
A2: Numbers | C2: sold | L2: Unclaimed | M2: Percentage
C3: =SUM(C7:C245) -> 52043 | L3: =SUM(L7:L245) -> 2040 | M3: =L3/C3 -> 0.039198355
B4: Unit | C4: Sales | J4: Service(s) | K4: Value | O4: Customer | P4: Phone
A5: No | B5: Price | C5: Price | D5: (USED) | J5: left | K5: left | L5: Value amount left | M5: issued on | N5: expires at | O5: Name | Q5: e-mail
A6: 2013년
A7: 120070 | B7: 45 | C7: =SUM(B7*5) -> 225 | D7: 0 | E7: 0 | F7: 0 | G7: 0 | H7: 0 | I7: 0 | J7: =SUM(D7:I7) -> 0 | K7: 0 | L7: =K7*B7 -> 0 | M7: JAN 09/13 | N7: JAN 09/15
A8: 120071 | B8: 45 | C8: =SUM(B8*5) -> 225 | D8: 0 | E8: 0 | F8: 0 | G8: 0 | H8: 0 | I8: 0 | J8: =SUM(D8:I8) -> 0 | K8: 0 | L8: =K8*B8 -> 0 | M8: JAN 12/13 | N8: JAN 12/15
A9: 120072 | B9: 45 | C9: =SUM(B9*5) -> 225 | D9: 0 | E9: 0 | F9: 0 | G9: 0 | H9: 1 | I9: 1 | J9: =SUM(D9:I9) -> 2 | K9: =J9-1 -> 1 | L9: =SUM(K9*B9) -> 45 | M9: JAN 12/13 | N9: JAN 12/15
A10: 120073 | B10: 45 | C10: =SUM(B10*5) -> 225 | D10: 0 | E10: 0 | F10: 0 | G10: 0 | H10: 1 | I10: 1 | J10: =SUM(D10:I10) -> 2 | K10: =J10-1 -> 1 | L10: =SUM(K10*B10) -> 45 | M10: JAN 12/13 | N10: JAN 12/15
A11: 120074 | B11: 45 | C11: =SUM(B11*5) -> 225 | D11: 0 | E11: 0 | F11: 0 | G11: 0 | H11: 0 | I11: 1 | J11: =SUM(D11:I11) -> 1 | K11: =J11-1 -> 0 | L11: =SUM(B11*K11) -> 0 | M11: JAN 15/13 | N11: JAN 15/15
A12: 120075 | B12: 45 | C12: =SUM(B12*5) -> 225 | D12: 0 | E12: 0 | F12: 0 | G12: 0 | H12: 0 | I12: 0 | J12: =SUM(D12:I12) -> 0 | K12: 0 | L12: =SUM(B12*K12) -> 0 | M12: JAN 24/13 | N12: JAN 24/15 | O12: Diana
A13: 120076 | B13: 45 | C13: =SUM(B13*5) -> 225 | D13: 0 | E13: 0 | F13: 0 | G13: 0 | H13: 0 | I13: 0 | J13: =SUM(D13:I13) -> 0 | K13: 0 | L13: =SUM(B13*K13) -> 0 | M13: JAN 17/13 | N13: JAN 17/15
A14: 120077 | C14: 938 | J14: =SUM(D14:I14) -> 0 | K14: 0 | L14: 0 | M14: JAN 19/13 | N14: JUL 19/13 | O14: Bob
A15: 120078 | B15: 60 | C15: =SUM(B15*5) -> 300 | D15: 0 | E15: 0 | F15: 0 | G15: 0 | H15: 0 | I15: 0 | J15: =SUM(D15:I15) -> 0 | K15: 0 | L15: =SUM(B15*K15) -> 0 | M15: JAN 19/13 | N15: JAN 19/15
A16: 120079 | B16: 60 | C16: =SUM(B16*5) -> 300 | D16: 0 | E16: 0 | F16: 0 | G16: 0 | H16: 0 | I16: 0 | J16: =SUM(D16:I16) -> 0 | K16: 0 | L16: 0 | M16: JAN 20/13 | N16: JAN 20/15
A17: 130001 | B17: 45 | C17: =SUM(B17*5) -> 225 | D17: 0 | E17: 0 | F17: 0 | G17: 0 | H17: 0 | I17: 0 | J17: =SUM(D17:I17) -> 0 | K17: 0 | L17: =SUM(B17*K17) -> 0 | M17: JAN 20/13 | N17: JAN 20/15
A18: 130002 | B18: 50 | C18: =SUM(B18*5) -> 250 | D18: 0 | E18: 0 | F18: 0 | G18: 0 | H18: 0 | I18: 0 | J18: =SUM(D18:I18) -> 0 | K18: 0 | L18: =SUM(B18*K18) -> 0 | M18: JAN 22/13 | N18: JAN 22/15 | O18: May
A19: 130003 | B19: COMP. | J19: =SUM(D19:I19) -> 0 | K19: 0 | L19: 0 | M19: JAN 22/13 | N19: JAN 22/15 | O19: Mark
A20: 130004 | B20: 45 | C20: =SUM(B20*5) -> 225 | D20: 0 | E20: 0 | F20: 0 | G20: 0 | H20: 0 | I20: 0 | J20: =SUM(D20:I20) -> 0 | K20: 0 | L20: =SUM(B20*K20) -> 0 | M20: JAN 29/13 | N20: JAN 29/15 | S20: 1월 합계 | T20: 14장
A21: 130005 | B21: GA 불출 | J21: =SUM(D21:I21) -> 0 | K21: 0 | L21: 0
A22: 130006 | B22: GA 불출 | J22: =SUM(D22:I22) -> 0 | K22: 0 | L22: 0
A23: 130007 | B23: GA 불출 | J23: =SUM(D23:I23) -> 0 | K23: 0 | L23: 0
A24: 130008 | B24: GA 불출 | J24: =SUM(D24:I24) -> 0 | K24: 0 | L24: 0
A25: 130009 | B25: GA 불출 | J25: =SUM(D25:I25) -> 0 | K25: 0 | L25: 0
A26: 130010 | B26: GA 불출 | J26: =SUM(D26:I26) -> 0 | K26: 0 | L26: 0
A27: 130011 | B27: 45 | C27: =SUM(B27*5) -> 225 | D27: 0 | E27: 0 | F27: 0 | G27: 0 | H27: 0 | I27: 0 | J27: =SUM(D27:I27) -> 0 | K27: 0 | L27: =SUM(B27*K27) -> 0 | M27: FEB 04/13 | N27: FEB 04/15 | O27: LEX 1SERI | Q27: 12//12 | R27: 24/02현재
A28: 130012 | B28: 45 | C28: =SUM(B28*5) -> 225 | D28: 0 | E28: 0 | F28: 0 | G28: 0 | H28: 0 | I28: 0 | J28: =SUM(D28:I28) -> 0 | K28: 0 | L28: 0 | M28: FEB 07/13 | N28: FEB 07/15 | O28: beatle yellow | Q28: korean girl
A29: 130013 | B29: 60 | C29: =SUM(B29*5) -> 300 | D29: 0 | E29: 0 | F29: 0 | G29: 0 | H29: 0 | I29: 0 | J29: =SUM(D29:I29) -> 0 | K29: 0 | L29: =SUM(B29*K29) -> 0 | M29: FEB 09/13 | N29: FEB 09/15
A30: 130014 | B30: 45 | C30: =SUM(B30*5) -> 225 | D30: 0 | E30: 0 | F30: 0 | G30: 0 | H30: 0 | I30: 0 | J30: =SUM(D30:I30) -> 0 | K30: 0 | L30: =SUM(B30*K30) -> 0 | M30: FEB 11/13 | N30: FEB 11/15 | O30: Mits red | Q30: Indian lady
A31: 130015 | B31: 50 | C31: =SUM(B31*5) -> 250 | D31: 0 | E31: 0 | F31: 0 | G31: 0 | H31: 0 | I31: 0 | J31: =SUM(D31:I31) -> 0 | K31: 0 | L31: =SUM(B31*K31) -> 0 | M31: FEB 15/13 | N31: FEB 15/15 | O31: Merc silver | Q31: Aus lady
A32: 130016 | B32: 45 | C32: =SUM(B32*5) -> 225 | D32: 0 | E32: 0 | F32: 0 | G32: 0 | H32: 0 | I32: 0 | J32: =SUM(D32:I32) -> 0 | K32: 0 | L32: =SUM(B32*K32) -> 0 | M32: FEB 19/13 | N32: FEB 19/15 | O32: R8 | Q32: Alex
A33: 130017 | B33: 45 | C33: =SUM(B33*5) -> 225 | D33: 0 | E33: 0 | F33: 0 | G33: 0 | H33: 0 | I33: 0 | J33: =SUM(D33:I33) -> 0 | K33: 0 | L33: =SUM(B33*K33) -> 0 | M33: FEB 19/13 | N33: FEB 19/15
A34: 130018 | B34: 45 | C34: =SUM(B34*5) -> 225 | D34: 0 | E34: 0 | F34: 0 | G34: 0 | H34: 0 | I34: 0 | J34: =SUM(D34:I34) -> 0 | K34: 0 | L34: =SUM(B34*K34) -> 0 | M34: FEB 24/13 | N34: FEB 24/15
A35: 130019 | B35: 50 | C35: =SUM(B35*5) -> 250 | D35: 0 | E35: 0 | F35: 0 | G35: 0 | H35: 0 | I35: 0 | J35: =SUM(D35:I35) -> 0 | K35: 0 | L35: =SUM(B35*K35) -> 0 | M35: FEB 25/13 | N35: FEB 25/15 | O35: White MZD
A36: 130020 | B36: 45 | C36: =SUM(B36*5) -> 225 | D36: 0 | E36: 0 | F36: 0 | G36: 0 | H36: 0 | I36: 0 | J36: =SUM(D36:I36) -> 0 | K36: 0 | L36: =SUM(B36*K36) -> 0 | M36: FEB 27/13 | N36: FEB 27/15 | O36: Gray Merc. | Q36: Janus Wong | S36: 2월 합계 | T36: 16장
A37: 130021 | B37: 60 | C37: =SUM(B37*5) -> 300 | D37: 0 | E37: 0 | F37: 0 | G37: 0 | H37: 0 | I37: 0 | J37: =SUM(D37:I37) -> 0 | K37: 0 | L37: =SUM(B37*K37) -> 0 | M37: MAR01/13 | N37: MAR01/15
A38: 130022 | B38: 45 | C38: =SUM(B38*5) -> 225 | D38: 0 | E38: 0 | F38: 0 | G38: 0 | H38: 1 | I38: 1 | J38: =SUM(D38:I38) -> 2 | K38: =J38-1 -> 1 | L38: =SUM(B38*K38) -> 45 | M38: MAR03/13 | N38: MAR03/15
A39: 130023 | B39: 45 | C39: =SUM(B39*5) -> 225 | D39: 0 | E39: 0 | F39: 0 | G39: 0 | H39: 0 | I39: 0 | J39: =SUM(D39:I39) -> 0 | K39: 0 | L39: =SUM(B39*K39) -> 0 | M39: MAR03/13 | N39: MAR03/15
A40: 130024 | B40: 45 | C40: =SUM(B40*5) -> 225 | D40: 0 | E40: 0 | F40: 0 | G40: 0 | H40: 0 | I40: 1 | J40: =SUM(D40:I40) -> 1 | K40: =J40-1 -> 0 | L40: =SUM(B40*K40) -> 0 | M40: MAR04/13 | N40: MAR04/15 | O40: blue bmw
A41: 130025 | B41: 45 | C41: =SUM(B41*5) -> 225 | D41: 0 | E41: 0 | F41: 0 | G41: 0 | H41: 0 | I41: 0 | J41: =SUM(D41:I41) -> 0 | K41: 0 | L41: =SUM(B41*K41) -> 0 | M41: MAR04/13 | N41: MAR04/15 | O41: john | P41: blk bmw | Q41: korean
A42: 130026 | B42: 50 | C42: =SUM(B42*5) -> 250 | D42: 0 | E42: 0 | F42: 0 | G42: 0 | H42: 1 | I42: 1 | J42: =SUM(D42:I42) -> 2 | K42: =J42-1 -> 1 | L42: =SUM(B42*K42) -> 50 | M42: MAR07/13 | N42: MAR07/15 | P42: gray audi | Q42: chn
A43: 130027 | B43: 70 | C43: =SUM(B43*5) -> 350 | D43: 0 | E43: 0 | F43: 0 | G43: 0 | H43: 0 | I43: 0 | J43: =SUM(D43:I43) -> 0 | K43: 0 | L43: =SUM(B43*K43) -> 0 | M43: MAR07/13 | N43: MAR07/15 | P43: blk merc | Q43: Vanessa
A44: 130028 | B44: 45 | C44: =SUM(B44*5) -> 225 | D44: 0 | E44: 0 | F44: 0 | G44: 0 | H44: 0 | I44: 1 | J44: =SUM(D44:I44) -> 1 | K44: =J44-1 -> 0 | L44: =SUM(B44*K44) -> 0 | M44: MAR08/13 | N44: MAR08/15 | O44: Gray Merc. | Q44: Indian lady
A45: 130029 | B45: 45 | C45: 225 | D45: 0 | E45: 0 | F45: 0 | G45: 0 | H45: 0 | I45: 0 | J45: =SUM(D45:I45) -> 0 | K45: 0 | L45: =SUM(B45*K45) -> 0 | M45: MAR09/13 | N45: MAR09/15
A46: 130030 | B46: 45 | C46: =SUM(B46*5) -> 225 | D46: 0 | E46: 0 | F46: 0 | G46: 0 | H46: 0 | I46: 1 | J46: =SUM(D46:I46) -> 1 | K46: =J46-1 -> 0 | L46: =SUM(B46*K46) -> 0 | M46: MAR09/13 | N46: MAR09/15
A47: 130031 | B47: 60 | C47: 300 | D47: 0 | E47: 0 | F47: 0 | G47: 0 | H47: 0 | I47: 0 | J47: =SUM(D47:I47) -> 0 | K47: 0 | L47: =SUM(B47*K47) -> 0 | M47: MAR09/13 | N47: MAR09/15 | O47: chn girl
A48: 130032 | B48: 45 | C48: =SUM(B48*5) -> 225 | D48: 0 | E48: 0 | F48: 0 | G48: 0 | H48: 0 | I48: 0 | J48: =SUM(D48:I48) -> 0 | K48: 0 | L48: =SUM(B48*K48) -> 0 | M48: MAR09/13 | N48: MAR09/15
A49: 130033 | B49: 60 | C49: =SUM(B49*5) -> 300 | D49: 0 | E49: 0 | F49: 0 | G49: 0 | H49: 0 | I49: 0 | J49: =SUM(D49:I49) -> 0 | K49: 0 | L49: =SUM(B49*K49) -> 0 | M49: MAR10/13 | N49: MAR10/15
A50: 130034 | B50: 45 | C50: 225 | D50: 0 | E50: 0 | F50: 0 | G50: 0 | H50: 0 | I50: 1 | J50: =SUM(D50:I50) -> 1 | K50: =J50-1 -> 0 | L50: =SUM(B50*K50) -> 0 | M50: MAR15/13 | N50: MAR15/15
A51: 130035 | B51: 60 | C51: 300 | D51: 0 | E51: 0 | F51: 0 | G51: 0 | H51: 0 | I51: 0 | J51: =SUM(D51:I51) -> 0 | K51: 0 | L51: =SUM(B51*K51) -> 0 | M51: MAR16/13 | N51: MAR16/13
A52: 130036 | B52: COMP. | D52: 0 | E52: 0 | F52: 0 | G52: 0 | H52: 0 | I52: 0 | J52: =SUM(D52:I52) -> 0 | K52: 0 | M52: MAR17/13 | N52: MAR17/13 | O52: Mrs Morgan mat damage issue (Danny) GA
A53: 130037 | C53: 315 | D53: 0 | E53: 0 | F53: 0 | G53: 0 | H53: 0 | I53: 0 | J53: =SUM(D53:I53) -> 0 | K53: 0 | L53: =SUM(B53*K53) -> 0 | M53: MAR17/13 | N53: MAR17/15
A54: 130038 | B54: 50 | C54: 250 | D54: 0 | E54: 0 | F54: 0 | G54: 0 | H54: 0 | I54: 1 | J54: =SUM(D54:I54) -> 1 | K54: =J54-1 -> 0 | L54: =SUM(B54*K54) -> 0 | M54: MAR17/13 | N54: MAR17/15
A55: 130039 | B55: 45 | C55: 225 | D55: 0 | E55: 0 | F55: 0 | G55: 0 | H55: 0 | I55: 0 | J55: =SUM(D55:I55) -> 0 | K55: 0 | L55: =SUM(B55*K55) -> 0 | M55: MAR17/13 | N55: MAR17/15
A56: 130040 | B56: 50 | C56: =SUM(B56*5) -> 250 | D56: 0 | E56: 0 | F56: 0 | G56: 0 | H56: 0 | I56: 0 | J56: =SUM(D56:I56) -> 0 | K56: 0 | L56: =SUM(B56*K56) -> 0 | M56: MAR18/13 | N56: MAR18/15
A57: 130041 | B57: 45 | C57: =SUM(B57*5) -> 225 | D57: 0 | E57: 0 | F57: 0 | G57: 0 | H57: 0 | I57: 0 | J57: =SUM(D57:I57) -> 0 | K57: 0 | L57: =SUM(B57*K57) -> 0 | M57: MAR18/13 | N57: MAR18/15
A58: 130042 | B58: COMP. | D58: 0 | E58: 0 | F58: 0 | G58: 0 | H58: 0 | I58: 0 | J58: =SUM(D58:I58) -> 0 | K58: 0 | M58: MAR19/13 | N58: MAR19/15 | O58: AUS GIRL ISSUED BY TARLO FOR COMPLAINT
A59: 130043 | B59: 60 | C59: =SUM(B59*5) -> 300 | D59: 0 | E59: 0 | F59: 0 | G59: 0 | H59: 0 | I59: 1 | J59: =SUM(D59:I59) -> 1 | K59: =J59-1 -> 0 | L59: =SUM(B59*K59) -> 0 | M59: MAR20/13 | N59: MAR20/15 | O59: CHN GIRL | P59: BLUE BMW SUV | R59: 41408 | S59: MISSED
A60: 130044 | B60: 60 | C60: =SUM(B60*5) -> 300 | D60: 0 | E60: 0 | F60: 0 | G60: 0 | H60: 0 | I60: 0 | J60: =SUM(D60:I60) -> 0 | K60: 0 | L60: =SUM(B60*K60) -> 0 | M60: MAR22/13 | N60: MAR22/15
A61: 130045 | B61: 50 | C61: =SUM(B61*5) -> 250 | D61: 0 | E61: 0 | F61: 0 | G61: 0 | H61: 0 | I61: 0 | J61: 0 | K61: 0 | L61: =SUM(B61*K61) -> 0 | M61: MAR24/13 | N61: MAR24/15
A62: 130046 | B62: 60 | C62: =SUM(B62*5) -> 300 | D62: 0 | E62: 0 | F62: 0 | G62: 0 | H62: 0 | I62: 0 | J62: =SUM(D62:I62) -> 0 | K62: 0 | L62: =SUM(B62*K62) -> 0 | M62: MAR25/13 | N62: MAR25/15 | O62: white lxs | P62: chn girl | Q62: 1300346으로 PRINT 되있음.
A63: 130047 | B63: 45 | C63: =SUM(B63*5) -> 225 | D63: 0 | E63: 0 | F63: 0 | G63: 0 | H63: 0 | I63: 0 | J63: =SUM(D63:I63) -> 0 | K63: 0 | L63: =SUM(B63*K63) -> 0 | M63: MAR26/13 | N63: MAR26/15 | O63: MZD
A64: 130048 | B64: COMP. | D64: 0 | E64: 0 | G64: DLX TWICE | M64: MAR26/13 | N64: MAR26/15 | O64: blk merc | P64: Tarlo miss order
A65: 130049 | B65: 45 | C65: =SUM(B65*5) -> 225 | D65: 0 | E65: 0 | F65: 0 | G65: 0 | H65: 0 | I65: 0 | J65: =SUM(D65:I65) -> 0 | K65: 0 | L65: =SUM(B65*K65) -> 0 | M65: MAR27/13 | N65: MAR27/15
A66: 130050 | B66: 78 | C66: =SUM(B66*5) -> 390 | D66: 0 | E66: 0 | F66: 0 | G66: 0 | H66: 0 | I66: 0 | J66: =SUM(D66:I66) -> 0 | K66: 0 | L66: =SUM(B66*K66) -> 0 | M66: MAR27/13 | N66: MAR27/15 | O66: gray golf | S66: 3월 합계 | T66: 30장
A67: 130051 | B67: 60 | C67: =SUM(B67*5) -> 300 | D67: 0 | E67: 0 | F67: 0 | G67: 0 | H67: 0 | I67: 0 | J67: =SUM(D67:I67) -> 0 | K67: 0 | L67: =SUM(B67*K67) -> 0 | M67: APR02/13 | N67: APR02/15 | O67: GRAY AUDI SUV
A68: 130052 | B68: 525 | H68: 1 | L68: 0 | M68: APR04/13 | N68: JUL 04/13 | O68: Chris MULTI-DLX, 1 BUFF
A69: 130053 | B69: 45 | C69: =SUM(B69*5) -> 225 | D69: 0 | E69: 0 | F69: 0 | G69: 0 | H69: 0 | I69: 0 | J69: =SUM(D69:I69) -> 0 | K69: 0 | L69: =SUM(B69*K69) -> 0 | M69: APR06/13 | N69: APR05/15
A70: 130054 | D70: S | E70: A | F70: M | G70: P | H70: L | I70: E | M70: APR09/13 | O70: Counter door | Q70: 사장님 회수 20/11/13
A71: 130055 | D71: S | E71: A | F71: M | G71: P | H71: L | I71: E | M71: APR09/13 | O71: Counter stand | Q71: 사장님 회수 20/11/13
A72: 130056 | B72: 45 | C72: 225 | D72: 0 | E72: 0 | F72: 0 | G72: 0 | H72: 0 | I72: 0 | J72: =SUM(D72:I72) -> 0 | K72: 0 | L72: =SUM(B72*K72) -> 0 | M72: APR13/13 | N72: APR13/15
A73: 130057 | B73: 45 | C73: 225 | D73: 0 | E73: 0 | F73: 0 | G73: 0 | H73: 0 | I73: 0 | J73: =SUM(D73:I73) -> 0 | K73: 0 | L73: =SUM(B73*K73) -> 0 | M73: APR13/13 | N73: APR13/15
A74: 130058 | B74: 45 | C74: =SUM(B74*5) -> 225 | D74: 0 | E74: 0 | F74: 0 | G74: 0 | H74: 0 | I74: 0 | J74: 0 | K74: 0 | L74: 0 | M74: APR14/13 | N74: APR14/15
A75: 130059 | B75: 45 | C75: =SUM(B75*5) -> 225 | D75: 0 | E75: 0 | F75: 0 | G75: 0 | H75: 0 | I75: 0 | J75: =SUM(D75:I75) -> 0 | K75: 0 | L75: =SUM(B75*K75) -> 0 | M75: APR23/13 | N75: APR23/15
A76: 130060 | B76: 50 | C76: =SUM(B76*5) -> 250 | D76: 0 | E76: 0 | F76: 0 | G76: 0 | H76: 0 | I76: 0 | J76: =SUM(D76:I76) -> 0 | K76: 0 | L76: =SUM(B76*K76) -> 0 | M76: APR27/13 | N76: APR27/15 | O76: Brown BMW
A77: 130061 | B77: 45 | C77: =SUM(B77*5) -> 225 | D77: 0 | E77: 0 | F77: 0 | G77: 0 | H77: 0 | I77: 0 | J77: =SUM(D77:I77) -> 0 | K77: 0 | L77: =SUM(B77*K77) -> 0 | M77: APR27/13 | N77: APR27/15
A78: 130062 | B78: 50 | C78: =SUM(B78*5) -> 250 | D78: 0 | E78: 0 | F78: 0 | G78: 0 | H78: 1 | I78: 1 | J78: =SUM(D78:I78) -> 2 | K78: =J78-1 -> 1 | L78: =SUM(B78*K78) -> 50 | M78: APR28/13 | N78: APR28/15
A79: 130063 | B79: 60 | C79: =SUM(B79*5) -> 300 | D79: 0 | E79: 0 | F79: 0 | G79: 0 | H79: 0 | I79: 0 | J79: =SUM(D79:I79) -> 0 | K79: 0 | L79: =SUM(B79*K79) -> 0 | M79: APR28/13 | N79: APR28/15
A80: 130064 | B80: 45 | C80: 235 | D80: 0 | E80: 0 | F80: 0 | G80: 0 | H80: 0 | I80: 0 | J80: =SUM(D80:I80) -> 0 | K80: 0 | L80: =SUM(B80*K80) -> 0 | M80: APR28/13 | N80: APR28/15 | O80: 3*45+2*50
A81: 130065 | B81: 60 | C81: 300 | D81: 0 | E81: 0 | F81: 0 | G81: 0 | H81: 0 | I81: 0 | J81: =SUM(D81:I81) -> 0 | K81: 0 | L81: =SUM(B81*K81) -> 0 | M81: APR29/13 | N81: APR29/15 | S81: 4월 합계 | T81: 15장
A82: 130066 | B82: 45 | C82: =SUM(B82*5) -> 225 | D82: 0 | E82: 0 | F82: 0 | G82: 0 | H82: 0 | I82: 0 | J82: =SUM(D82:I82) -> 0 | K82: 0 | L82: =SUM(B82*K82) -> 0 | M82: MAY02/13 | N82: MAY02/15 | O82: Diana
A83: 130067 | B83: 50 | C83: =SUM(B83*5) -> 250 | D83: 0 | E83: 0 | F83: 0 | G83: 0 | H83: 0 | I83: 1 | J83: =SUM(D83:I83) -> 1 | K83: =J83-1 -> 0 | L83: =SUM(B83*K83) -> 0 | M83: MAY02/13 | N83: MAY02/15
A84: 130068 | B84: 50 | C84: =SUM(B84*5) -> 250 | D84: 0 | E84: 0 | F84: 0 | G84: 0 | H84: 1 | I84: 1 | J84: =SUM(D84:I84) -> 2 | K84: =J84-1 -> 1 | L84: =SUM(B84*K84) -> 50 | M84: MAY03/13 | N84: MAY03/15 | O84: RED MERC
A85: 130069 | B85: 45 | C85: =SUM(B85*5) -> 225 | D85: 0 | E85: 0 | F85: 0 | G85: 0 | H85: 0 | I85: 0 | J85: =SUM(D85:I85) -> 0 | K85: 0 | L85: =SUM(B85*K85) -> 0 | M85: MAY03/13 | N85: MAY03/15 | O85: RED MINI
A86: 130070 | B86: 45 | C86: =SUM(B86*5) -> 225 | D86: 0 | E86: 0 | F86: 0 | G86: 0 | H86: 0 | I86: 0 | J86: =SUM(D86:I86) -> 0 | K86: 0 | L86: =SUM(B86*K86) -> 0 | M86: MAY04/13 | N86: MAY04/15 | O86: BLK SUBARU
A87: 130071 | B87: 45 | C87: =SUM(B87*5) -> 225 | D87: 0 | E87: 0 | F87: 0 | G87: 0 | H87: 0 | I87: 0 | J87: =SUM(D87:I87) -> 0 | K87: 0 | L87: =SUM(B87*K87) -> 0 | M87: MAY04/13 | N87: MAY04/15
A88: 130072 | B88: 78 | C88: =SUM(B88*5) -> 390 | D88: 0 | E88: 0 | F88: 0 | G88: 0 | H88: 0 | I88: 0 | J88: =SUM(D88:I88) -> 0 | K88: 0 | L88: =SUM(B88*K88) -> 0 | M88: MAY04/13 | N88: MAY04/15
A89: 130073 | B89: 60 | C89: =SUM(B89*5) -> 300 | D89: 0 | E89: 0 | F89: 0 | G89: 0 | H89: 0 | I89: 0 | J89: =SUM(D89:I89) -> 0 | K89: 0 | L89: =SUM(B89*K89) -> 0 | M89: MAY09/13 | N89: MAY04/15
A90: 130074 | B90: 45 | C90: =SUM(B90*5) -> 225 | D90: 0 | E90: 0 | F90: 0 | G90: 0 | H90: 0 | I90: 0 | J90: =SUM(D90:I90) -> 0 | K90: 0 | L90: =SUM(B90*K90) -> 0 | M90: MAY09/13 | N90: MAY04/15
A91: 130075 | B91: 60 | C91: =SUM(B91*5) -> 300 | D91: 0 | E91: 0 | F91: 0 | G91: 1 | H91: 1 | I91: 1 | J91: =SUM(D91:I91) -> 3 | K91: =J91-1 -> 2 | L91: =SUM(B91*K91) -> 120 | M91: MAY11/13 | N91: MAY11/15
A92: 130076 | B92: 45 | C92: =SUM(B92*5) -> 225 | D92: 0 | E92: 0 | F92: 0 | G92: 0 | H92: 0 | I92: 0 | J92: =SUM(D92:I92) -> 0 | K92: 0 | L92: =SUM(B92*K92) -> 0 | M92: MAY11/13 | N92: MAY11/15 | O92: DANIEL
A93: 130077 | B93: 60 | C93: =SUM(B93*5) -> 300 | D93: 0 | E93: 0 | F93: 0 | G93: 0 | H93: 0 | I93: 1 | J93: =SUM(D93:I93) -> 1 | K93: =J93-1 -> 0 | L93: =SUM(B93*K93) -> 0 | M93: MAY12/13 | N93: MAY12/15
A94: 130078 | B94: 45 | C94: =SUM(B94*5) -> 225 | D94: 0 | E94: 0 | F94: 0 | G94: 0 | H94: 0 | I94: 0 | J94: =SUM(D94:I94) -> 0 | K94: 0 | L94: =SUM(B94*K94) -> 0 | M94: MAY12/13 | N94: MAY12/15
A95: 130079 | B95: 45 | C95: =SUM(B95*5) -> 225 | D95: 0 | E95: 0 | F95: 0 | G95: 0 | H95: 0 | I95: 0 | J95: =SUM(D95:I95) -> 0 | K95: 0 | L95: =SUM(B95*K95) -> 0 | M95: MAY12/13 | N95: MAY12/15
A96: 130080 | B96: 60 | C96: =SUM(B96*5) -> 300 | D96: 0 | E96: 0 | F96: 0 | G96: 0 | H96: 0 | I96: 0 | J96: =SUM(D96:I96) -> 0 | K96: 0 | L96: =SUM(B96*K96) -> 0 | M96: MAY18/13 | N96: MAY18/15
A97: 130081 | B97: COMP. | D97: 1 | E97: DLX ONCE | M97: done at 01/07 | O97: White Merc dent complaint
A98: 130082 | B98: 45 | C98: =SUM(B98*5) -> 225 | D98: 0 | E98: 0 | F98: 0 | G98: 0 | H98: 0 | I98: 0 | J98: =SUM(D98:I98) -> 0 | K98: 0 | L98: =SUM(B98*K98) -> 0 | M98: MAY18/13 | N98: MAY18/15
A99: 130083 | B99: COMP. | D99: 0 | E99: 1 | F99: DLX TWICE | M99: MAY19/13 | N99: MAY19/15 | O99: SILVER SUV DENT COMPLAINT
A100: 130084 | B100: COMP. | D100: WASH ONLY ONCE | O100: DLX COMPLAINT | R100: DONE 27/08/13
...

Sheet 2014
C1: Amount | L1: Amount | N1: UNCLAIMED
A2: Numbers | C2: sold | L2: Unclaimed | N2: Percentage
C3: =SUM(C7:C305) -> 71420 | L3: =SUM(L7:L305) -> 4740 | N3: =L3/C3 -> 0.066367964
A4: No | B4: Unit | C4: Sales | J4: Service(s) | K4: Value | L4: $ | M4: issued on | N4: expires at | O4: Customer | P4: Phone | Q4: e-mail
B5: Price | C5: Price | D5: (USED) | J5: left | K5: left | L5: left | O5: Name
A6: JAN - JUN 2014
A7: 140231 | B7: 60 | C7: =SUM(B7*5) -> 300 | D7: 0 | E7: 0 | F7: 0 | G7: 0 | H7: 0 | I7: 0 | J7: =SUM(D7:I7) -> 0 | K7: =SUM(D7:H7) -> 0 | L7: =B7*K7 -> 0 | M7: JAN 02/14 | N7: JAN 02/16
A8: 140232 | B8: 60 | C8: =SUM(B8*5) -> 300 | D8: 0 | E8: 0 | F8: 0 | G8: 0 | H8: 0 | I8: 1 | J8: =SUM(D8:I8) -> 1 | K8: =SUM(D8:H8) -> 0 | L8: =B8*K8 -> 0 | M8: JAN 02/14 | N8: JAN 02/16
A9: 140233 | B9: 45 | C9: =SUM(B9*5) -> 225 | D9: 0 | E9: 0 | F9: 0 | G9: 0 | H9: 0 | I9: 0 | J9: =SUM(D9:I9) -> 0 | K9: =SUM(D9:H9) -> 0 | L9: =B9*K9 -> 0 | M9: JAN 05/14 | N9: JAN 05/16
A10: 140234 | B10: 45 | C10: =SUM(B10*5) -> 225 | D10: 0 | E10: 0 | F10: 0 | G10: 0 | H10: 0 | I10: 0 | J10: =SUM(D10:I10) -> 0 | K10: =SUM(D10:H10) -> 0 | L10: =B10*K10 -> 0 | M10: JAN 05/14 | N10: JAN 05/16
A11: 140235 | B11: 45 | C11: =SUM(B11*5) -> 225 | D11: 0 | E11: 0 | F11: 0 | G11: 0 | H11: 0 | I11: 0 | J11: =SUM(D11:I11) -> 0 | K11: =SUM(D11:H11) -> 0 | L11: =B11*K11 -> 0 | M11: JAN 12/14 | N11: JAN 12/16
A12: 140236 | B12: 90 | C12: 90 | I12: 0 | J12: =SUM(D12:I12) -> 0 | K12: =SUM(D12:H12) -> 0 | L12: =B12*K12 -> 0 | M12: JAN 15/14 | N12: JAN 15/16 | O12: HP FOR 1
A13: 140237 | B13: 45 | C13: =SUM(B13*5) -> 225 | D13: 0 | E13: 0 | F13: 0 | G13: 0 | H13: 0 | I13: 0 | J13: =SUM(D13:I13) -> 0 | K13: =SUM(D13:H13) -> 0 | L13: =B13*K13 -> 0 | M13: JAN 18/14 | N13: JAN 18/16
A14: 140238 | B14: 45 | C14: =SUM(B14*5) -> 225 | D14: 0 | E14: 0 | F14: 0 | G14: 0 | H14: 0 | I14: 0 | J14: =SUM(D14:I14) -> 0 | K14: =SUM(D14:H14) -> 0 | L14: =B14*K14 -> 0 | M14: JAN 19/14 | N14: JAN 19/16
A15: 140239 | B15: 45 | C15: =SUM(B15*5) -> 225 | D15: 0 | E15: 0 | F15: 0 | G15: 0 | H15: 0 | I15: 0 | J15: =SUM(D15:I15) -> 0 | K15: =SUM(D15:H15) -> 0 | L15: =B15*K15 -> 0 | M15: JAN 23/14 | N15: JAN 23/16 | O15: 0/7
A16: 140240 | B16: 45 | C16: =SUM(B16*5) -> 225 | D16: 0 | E16: 0 | F16: 0 | G16: 0 | H16: 0 | I16: 0 | J16: =SUM(D16:I16) -> 0 | K16: =SUM(D16:H16) -> 0 | L16: =B16*K16 -> 0 | M16: JAN 25/14 | N16: JAN 25/16
A17: 140241 | B17: 45 | C17: =SUM(B17*5) -> 225 | D17: 0 | E17: 0 | F17: 1 | G17: 1 | H17: 1 | I17: 1 | J17: =SUM(D17:I17) -> 4 | K17: =SUM(D17:H17) -> 3 | L17: =B17*K17 -> 135 | M17: JAN 27/14 | N17: JAN 27/16
A18: 140242 | B18: 60 | C18: =SUM(B18*5) -> 300 | D18: 0 | E18: 0 | F18: 0 | G18: 1 | H18: 1 | I18: 1 | J18: =SUM(D18:I18) -> 3 | K18: =SUM(D18:H18) -> 2 | L18: =B18*K18 -> 120 | M18: JAN 28/14 | N18: JAN 28/16
A19: 140243 | B19: 45 | C19: =SUM(B19*5) -> 225 | D19: 0 | E19: 0 | F19: 1 | G19: 1 | H19: 1 | I19: 1 | J19: =SUM(D19:I19) -> 4 | K19: =SUM(D19:H19) -> 3 | L19: =B19*K19 -> 135 | M19: FEB 01/14 | N19: FEB01/16
A20: 140244 | B20: 45 | C20: =SUM(B20*5) -> 225 | D20: 0 | E20: 0 | F20: 0 | G20: 1 | H20: 1 | I20: 1 | J20: =SUM(D20:I20) -> 3 | K20: =SUM(D20:H20) -> 2 | L20: =B20*K20 -> 90 | M20: FEB 01/14 | N20: FEB01/16
A21: 140245 | B21: 60 | C21: =SUM(B21*5) -> 300 | D21: 0 | E21: 0 | F21: 0 | G21: 1 | H21: 1 | I21: 1 | J21: =SUM(D21:I21) -> 3 | K21: =SUM(D21:H21) -> 2 | L21: =B21*K21 -> 120 | M21: FEB 03/14 | N21: FEB 03/16
A22: 140246 | B22: 45 | C22: =SUM(B22*5) -> 225 | D22: 0 | E22: 0 | F22: 0 | G22: 0 | H22: 0 | I22: 0 | J22: =SUM(D22:I22) -> 0 | K22: =SUM(D22:H22) -> 0 | L22: =B22*K22 -> 0 | M22: FEB 07/14 | N22: FEB 07/16
A23: 140247 | B23: 45 | C23: =SUM(B23*5) -> 225 | D23: 0 | E23: 0 | F23: 0 | G23: 0 | H23: 0 | I23: 1 | J23: =SUM(D23:I23) -> 1 | K23: =SUM(D23:H23) -> 0 | L23: =B23*K23 -> 0 | M23: FEB 07/14 | N23: FEB 07/16
A24: 140248 | B24: 60 | C24: =SUM(B24*5) -> 300 | D24: 0 | E24: 0 | F24: 0 | G24: 0 | H24: 0 | I24: 0 | J24: =SUM(D24:I24) -> 0 | K24: =SUM(D24:H24) -> 0 | L24: =B24*K24 -> 0 | M24: FEB 09/14 | N24: FEB 09/16
A25: 140249 | B25: 45 | C25: =SUM(B25*5) -> 225 | D25: 0 | E25: 0 | F25: 0 | G25: 0 | H25: 0 | I25: 0 | J25: =SUM(D25:I25) -> 0 | K25: =SUM(D25:H25) -> 0 | L25: =B25*K25 -> 0 | M25: FEB 09/14 | N25: FEB 09/16
A26: 140250 | B26: 45 | C26: =SUM(B26*5) -> 225 | D26: 0 | E26: 0 | F26: 0 | G26: 0 | H26: 0 | I26: 0 | J26: =SUM(D26:I26) -> 0 | K26: =SUM(D26:H26) -> 0 | L26: =B26*K26 -> 0 | M26: FEB 09/14 | N26: FEB 09/16
A27: 140251 | B27: 45 | C27: =SUM(B27*5) -> 225 | D27: 0 | E27: 0 | F27: 0 | G27: 0 | H27: 0 | I27: 0 | J27: =SUM(D27:I27) -> 0 | K27: =SUM(D27:H27) -> 0 | L27: =B27*K27 -> 0 | M27: FEB 10/14 | N27: FEB 10/16
... A38: 140262 | B38: 60 | C38: =SUM(B38*5) -> 300 | D38: 0 | E38: 0 | F38: 0 | G38: 0 | H38: 0 | I38: 0 | J38: =SUM(D38:I38) -> 0 | K38: =SUM(D38:H38) -> 0 | L38: =B38*K38 -> 0 | M38: MAR 04/14 | N38: MAR 04/16
A39: 140263 | D39: Comp. DLX once for complaint | M39: MAR 05/14 | N39: MAR 05/16 | P39: Done 15/07/14
A40: 140264 | B40: 45 | C40: =SUM(B40*5) -> 225 | D40: 0 | E40: 0 | F40: 0 | G40: 0 | H40: 0 | I40: 0 | J40: =SUM(D40:I40) -> 0 | K40: =SUM(D40:H40) -> 0 | L40: =B40*K40 -> 0 | M40: MAR 07/14 | N40: MAR 07/16
A41: 140265 | B41: 60 | C41: =SUM(B41*5) -> 300 | D41: 0 | E41: 0 | F41: 0 | G41: 0 | H41: 0 | I41: 0 | J41: =SUM(D41:I41) -> 0 | K41: =SUM(D41:H41) -> 0 | L41: =B41*K41 -> 0 | M41: MAR 08/14 | N41: MAR 08/16
A42: 140266 | B42: 45 | C42: =SUM(B42*5) -> 225 | D42: 0 | E42: 0 | F42: 0 | G42: 0 | H42: 0 | I42: 1 | J42: =SUM(D42:I42) -> 1 | K42: =SUM(D42:H42) -> 0 | L42: =B42*K42 -> 0 | M42: MAR 08/14 | N42: MAR 08/16
A43: 140267 | B43: 45 | C43: =SUM(B43*5) -> 225 | D43: 0 | E43: 0 | F43: 0 | G43: 0 | H43: 0 | I43: 0 | J43: =SUM(D43:I43) -> 0 | K43: =SUM(D43:H43) -> 0 | L43: =B43*K43 -> 0 | M43: MAR 08/14 | N43: MAR 08/16
A44: 140268 | B44: 70 | C44: =SUM(B44*5) -> 350 | D44: 0 | E44: 0 | F44: 0 | G44: 0 | H44: 0 | I44: 0 | J44: =SUM(D44:I44) -> 0 | K44: =SUM(D44:H44) -> 0 | L44: =B44*K44 -> 0 | M44: MAR 11/14 | N44: MAR 11/16
A45: 140269 | B45: 45 | C45: =SUM(B45*5) -> 225 | D45: 0 | E45: 0 | F45: 0 | G45: 0 | H45: 0 | I45: 0 | J45: =SUM(D45:I45) -> 0 | K45: =SUM(D45:H45) -> 0 | L45: =B45*K45 -> 0 | M45: MAR 12/14 | N45: MAR 12/16
A46: 140270 | B46: 50 | C46: =SUM(B46*5) -> 250 | D46: 0 | E46: 0 | F46: 0 | G46: 0 | H46: 0 | I46: 0 | J46: =SUM(D46:I46) -> 0 | K46: =SUM(D46:H46) -> 0 | L46: =B46*K46 -> 0 | M46: MAR 13/14 | N46: MAR 13/16
A47: 140271 | B47: 45 | C47: =SUM(B47*5) -> 225 | D47: 0 | E47: 0 | F47: 0 | G47: 0 | H47: 0 | I47: 0 | J47: =SUM(D47:I47) -> 0 | K47: =SUM(D47:H47) -> 0 | L47: =B47*K47 -> 0 | M47: MAR 14/14 | N47: MAR 14/16
A48: 140272 | B48: 60 | C48: =SUM(B48*5) -> 300 | D48: 0 | E48: 0 | F48: 0 | G48: 0 | H48: 0 | I48: 0 | J48: =SUM(D48:I48) -> 0 | K48: =SUM(D48:H48) -> 0 | L48: =B48*K48 -> 0 | M48: MAR 15/14 | N48: MAR 15/16
A49: 140273 | B49: 45 | C49: =SUM(B49*5) -> 225 | D49: 0 | E49: 0 | F49: 0 | G49: 0 | H49: 0 | I49: 0 | J49: =SUM(D49:I49) -> 0 | K49: =SUM(D49:H49) -> 0 | L49: =B49*K49 -> 0 | M49: MAR 15/14 | N49: MAR 15/16
A50: 140274 | B50: 45 | C50: =SUM(B50*5) -> 225 | D50: 0 | E50: 0 | F50: 0 | G50: 0 | H50: 1 | I50: 1 | J50: =SUM(D50:I50) -> 2 | K50: =SUM(D50:H50) -> 1 | L50: =B50*K50 -> 45 | M50: MAR 15/14 | N50: MAR 15/16 | O50: 45
A51: 140275 | B51: 60 | C51: =SUM(B51*5) -> 300 | D51: 0 | E51: 0 | F51: 0 | G51: 0 | H51: 0 | I51: 0 | J51: =SUM(D51:I51) -> 0 | K51: =SUM(D51:H51) -> 0 | L51: =B51*K51 -> 0 | M51: MAR 16/14 | N51: MAR 16/16
A52: 140276 | B52: 60 | C52: =SUM(B52*5) -> 300 | D52: 0 | E52: 0 | F52: 0 | G52: 0 | H52: 0 | I52: 0 | J52: =SUM(D52:I52) -> 0 | K52: =SUM(D52:H52) -> 0 | L52: =B52*K52 -> 0 | M52: MAR 17/14 | N52: MAR 17/16
A53: 140277 | B53: 45 | C53: =SUM(B53*5) -> 225 | D53: 0 | E53: 0 | F53: 0 | G53: 0 | H53: 0 | I53: 0 | J53: =SUM(D53:I53) -> 0 | K53: =SUM(D53:H53) -> 0 | L53: =B53*K53 -> 0 | M53: MAR 22/14 | N53: MAR 22/16
A54: 140278 | B54: 45 | C54: =SUM(B54*5) -> 225 | D54: 0 | E54: 0 | F54: 0 | G54: 0 | H54: 0 | I54: 0 | J54: =SUM(D54:I54) -> 0 | K54: =SUM(D54:H54) -> 0 | L54: =B54*K54 -> 0 | M54: MAR 22/14 | N54: MAR 22/16
A55: 140279 | B55: 45 | C55: =SUM(B55*5) -> 225 | D55: 0 | E55: 0 | F55: 0 | G55: 0 | H55: 0 | I55: 0 | J55: =SUM(D55:I55) -> 0 | K55: =SUM(D55:H55) -> 0 | L55: =B55*K55 -> 0 | M55: MAR 29/14 | N55: MAR 29/16
A56: 140280 | B56: 60 | C56: =SUM(B56*5) -> 300 | D56: 0 | E56: 0 | F56: 0 | G56: 0 | H56: 0 | I56: 0 | J56: =SUM(D56:I56) -> 0 | K56: =SUM(D56:H56) -> 0 | L56: =B56*K56 -> 0 | M56: MAR 31/14 | N56: MAR 31/16
A57: 140281 | B57: 45 | C57: =SUM(B57*5) -> 225 | D57: 0 | E57: 0 | F57: 0 | G57: 0 | H57: 0 | I57: 0 | J57: =SUM(D57:I57) -> 0 | K57: =SUM(D57:H57) -> 0 | L57: =B57*K57 -> 0 | M57: APR 04/14 | N57: APR 04/16
A58: 140282 | B58: 45 | C58: =SUM(B58*5) -> 225 | D58: 0 | E58: 0 | F58: 0 | G58: 0 | H58: 0 | I58: 0 | J58: =SUM(D58:I58) -> 0 | K58: =SUM(D58:H58) -> 0 | L58: =B58*K58 -> 0 | M58: APR 08/14 | N58: APR 08/16
A59: 140283 | B59: 45 | C59: =SUM(B59*5) -> 225 | D59: 0 | E59: 0 | F59: 0 | G59: 0 | H59: 0 | I59: 1 | J59: =SUM(D59:I59) -> 1 | K59: =SUM(D59:H59) -> 0 | L59: =B59*K59 -> 0 | M59: APR 08/14 | N59: APR 08/16 | O59: Expanded
A60: 140284 | B60: 45 | C60: =SUM(B60*5) -> 225 | D60: 0 | E60: 0 | F60: 0 | G60: 0 | H60: 0 | I60: 0 | J60: =SUM(D60:I60) -> 0 | K60: =SUM(D60:H60) -> 0 | L60: =B60*K60 -> 0 | M60: APR 13/14 | N60: APR 08/16
A61: 140285 | B61: 45 | C61: =SUM(B61*5) -> 225 | D61: 0 | E61: 0 | F61: 0 | G61: 0 | H61: 0 | I61: 0 | J61: =SUM(D61:I61) -> 0 | K61: =SUM(D61:H61) -> 0 | L61: =B61*K61 -> 0 | M61: APR 14/14 | N61: APR 14/16
A62: 140286 | B62: 45 | C62: =SUM(B62*5) -> 225 | D62: 0 | E62: 0 | F62: 0 | G62: 0 | H62: 0 | I62: 0 | J62: =SUM(D62:I62) -> 0 | K62: =SUM(D62:H62) -> 0 | L62: =B62*K62 -> 0 | M62: APR 17/14 | N62: APR 17/16
A63: 140287 | B63: 45 | C63: =SUM(B63*5) -> 225 | D63: 0 | E63: 0 | F63: 1 | G63: 1 | H63: 1 | I63: 1 | J63: =SUM(D63:I63) -> 4 | K63: =SUM(D63:H63) -> 3 | L63: =B63*K63 -> 135 | M63: APR 19/14 | N63: APR 19/16
A64: 140288 | B64: 45 | C64: =SUM(B64*5) -> 225 | D64: 0 | E64: 0 | F64: 0 | G64: 0 | H64: 0 | I64: 0 | J64: =SUM(D64:I64) -> 0 | K64: =SUM(D64:H64) -> 0 | L64: =B64*K64 -> 0 | M64: APR 21/14 | N64: APR 21/16
A65: 140289 | B65: 45 | C65: =SUM(B65*5) -> 225 | D65: 0 | E65: 0 | F65: 0 | G65: 0 | H65: 0 | I65: 0 | J65: =SUM(D65:I65) -> 0 | K65: =SUM(D65:H65) -> 0 | L65: =B65*K65 -> 0 | M65: APR 21/14 | N65: APR 21/16
A66: 140290 | B66: 45 | C66: =SUM(B66*5) -> 225 | D66: 0 | E66: 0 | F66: 0 | G66: 0 | H66: 0 | I66: 0 | J66: =SUM(D66:I66) -> 0 | K66: =SUM(D66:H66) -> 0 | L66: =B66*K66 -> 0 | M66: APR 21/14 | N66: APR 21/16
A67: 140291 | B67: 45 | C67: =SUM(B67*5) -> 225 | D67: 0 | E67: 0 | F67: 0 | G67: 0 | H67: 0 | I67: 0 | J67: =SUM(D67:I67) -> 0 | K67: =SUM(D67:H67) -> 0 | L67: =B67*K67 -> 0 | M67: APR 22/14 | N67: APR 22/16
A68: 140292 | B68: 45 | C68: =SUM(B68*5) -> 225 | D68: 0 | E68: 0 | F68: 0 | G68: 0 | H68: 0 | I68: 1 | J68: =SUM(D68:I68) -> 1 | K68: =SUM(D68:H68) -> 0 | L68: =B68*K68 -> 0 | M68: APR 23/14 | N68: APR 23/16
A69: 140293 | B69: 60 | C69: =SUM(B69*5) -> 300 | D69: 0 | E69: 0 | F69: 0 | G69: 0 | H69: 0 | I69: 0 | J69: =SUM(D69:I69) -> 0 | K69: =SUM(D69:H69) -> 0 | L69: =B69*K69 -> 0 | M69: APR 24/14 | N69: APR 24/16
A70: 140294 | B70: 45 | C70: =SUM(B70*5) -> 225 | D70: 0 | E70: 0 | F70: 0 | G70: 0 | H70: 0 | I70: 0 | J70: =SUM(D70:I70) -> 0 | K70: =SUM(D70:H70) -> 0 | L70: =B70*K70 -> 0 | M70: APR 24/14 | N70: APR 24/16
A71: 140295 | B71: 45 | C71: =SUM(B71*5) -> 225 | D71: 0 | E71: 0 | F71: 0 | G71: 0 | H71: 0 | I71: 0 | J71: =SUM(D71:I71) -> 0 | K71: =SUM(D71:H71) -> 0 | L71: =B71*K71 -> 0 | M71: APR 26/14 | N71: APR 26/16
A72: 140296 | D72: S | E72: A | F72: M | G72: P | H72: L | I72: E | M72: APR 27/14 | N72: B2 COUNTER SAMPLE | P72: RETURN TO CEO
A73: 140297 | B73: 45 | C73: =SUM(B73*5) -> 225 | D73: 0 | E73: 0 | F73: 0 | G73: 0 | H73: 0 | I73: 0 | J73: =SUM(D73:I73) -> 0 | K73: =SUM(D73:H73) -> 0 | L73: =B73*K73 -> 0 | M73: APR 27/14 | N73: APR 27/16
A74: 140298 | B74: 35 | C74: =B74*10 -> 350 | D74: 0 | E74: 0 | F74: 0 | G74: 0 | H74: 0 | I74: 0 | J74: =SUM(D74:I75) -> 0 | K74: =SUM(D74:I75) -> 0 | L74: 0 | M74: APR 28/14 | N74: APR 28/16
D75: 0 | E75: 0 | F75: 0 | G75: 0 | H75: 0 | I75: 0
A76: 140299 | B76: 60 | C76: =SUM(B76*5) -> 300 | D76: 0 | E76: 0 | F76: 0 | G76: 0 | H76: 0 | I76: 0 | J76: =SUM(D76:I76) -> 0 | K76: =SUM(D76:H76) -> 0 | L76: =B76*K76 -> 0 | M76: APR 29/14 | N76: APR 29/16
A77: 140300 | B77: 0 | C77: =SUM(B77*5) -> 0 | D77: 0 | E77: 0 | F77: 0 | G77: 0 | H77: 0 | I77: 0 | J77: =SUM(D77:I77) -> 0 | K77: =SUM(D77:H77) -> 0 | L77: =B77*K77 -> 0 | M77: MAY01/14 | N77: MAY01/15 | O77: KEY DAMAGE 30/04/14 | S77: LEE | T77: 0411 406 808
A78: 140301 | B78: 45 | C78: =SUM(B78*5) -> 225 | D78: 0 | E78: 0 | F78: 0 | G78: 0 | H78: 0 | I78: 0 | J78: =SUM(D78:I78) -> 0 | K78: =SUM(D78:H78) -> 0 | L78: =B78*K78 -> 0 | M78: MAY01/14 | N78: MAY01/16
A79: 140302 | B79: 45 | C79: =SUM(B79*5) -> 225 | D79: 0 | E79: 0 | F79: 0 | G79: 0 | H79: 0 | I79: 0 | J79: =SUM(D79:I79) -> 0 | K79: =SUM(D79:H79) -> 0 | L79: =B79*K79 -> 0 | M79: MAY03/14 | N79: MAY03/16
A80: 140303 | B80: 0 | C80: 0 | D80: 0 | E80: 0 | F80: 0 | G80: 0 | H80: 0 | I80: 0 | J80: =SUM(D80:I80) -> 0 | K80: =SUM(D80:H80) -> 0 | L80: =B80*K80 -> 0 | M80: MAY04/14 | N80: MAY04/16 | O80: COMP
A81: 140304 | B81: 60 | C81: =SUM(B81*5) -> 300 | D81: 0 | E81: 0 | F81: 0 | G81: 0 | H81: 0 | I81: 0 | J81: =SUM(D81:I81) -> 0 | K81: =SUM(D81:H81) -> 0 | L81: =B81*K81 -> 0 | M81: MAY 05/14 | N81: MAY 05/16
A82: 140305 | B82: 60 | C82: =SUM(B82*5) -> 300 | D82: 0 | E82: 0 | F82: 0 | G82: 0 | H82: 0 | I82: 0 | J82: =SUM(D82:I82) -> 0 | K82: =SUM(D82:H82) -> 0 | L82: =B82*K82 -> 0 | M82: MAY 29/14 | N82: MAY 29/16
A83: 140306 | B83: 0 | C83: 0 | D83: 1 | E83: 0 | F83: 0 | G83: 0 | H83: 0 | I83: 0 | J83: =SUM(D83:I83) -> 1 | K83: =SUM(D83:H83) -> 1 | L83: =B83*K83 -> 0 | M83: MAY06/14 | N83: MAY06/16 | O83: COMP | P83: Accord cup holder HB damage cover
A84: 140307 | B84: 50 | C84: =SUM(B84*5) -> 250 | D84: 0 | E84: 0 | F84: 0 | G84: 0 | H84: 0 | I84: 0 | J84: =SUM(D84:I84) -> 0 | K84: =SUM(D84:H84) -> 0 | L84: =B84*K84 -> 0 | M84: MAY 08/14 | N84: MAY 08/16
A85: 140308 | B85: 60 | C85: =SUM(B85*5) -> 300 | D85: 1 | E85: 1 | F85: 1 | G85: 1 | H85: 1 | I85: 1 | J85: =SUM(D85:I85) -> 6 | K85: =SUM(D85:H85) -> 5 | L85: =B85*K85 -> 300 | M85: MAY 09/14 | N85: MAY 09/16
A86: 140309 | B86: 45 | C86: =SUM(B86*5) -> 225 | D86: 0 | E86: 0 | F86: 0 | G86: 0 | H86: 0 | I86: 0 | J86: =SUM(D86:I86) -> 0 | K86: =SUM(D86:H86) -> 0 | L86: =B86*K86 -> 0 | M86: MAY10/14 | N86: MAY10/16
A87: 140310 | B87: 45 | C87: =SUM(B87*5) -> 225 | D87: 0 | E87: 0 | F87: 0 | G87: 1 | H87: 1 | I87: 1 | J87: =SUM(D87:I87) -> 3 | K87: =SUM(D87:H87) -> 2 | L87: =B87*K87 -> 90 | M87: MAY10/14 | N87: MAY10/16
A88: 140311 | B88: 45 | C88: =SUM(B88*5) -> 225 | D88: 0 | E88: 0 | F88: 0 | G88: 0 | H88: 0 | I88: 1 | J88: =SUM(D88:I88) -> 1 | K88: =SUM(D88:H88) -> 0 | L88: =B88*K88 -> 0 | M88: MAY10/14 | N88: MAY10/16
A89: 140312 | B89: 50 | C89: =SUM(B89*5) -> 250 | D89: 0 | E89: 0 | F89: 0 | G89: 0 | H89: 0 | I89: 0 | J89: =SUM(D89:I89) -> 0 | K89: =SUM(D89:H89) -> 0 | L89: =B89*K89 -> 0 | M89: MAY 13/14 | N89: MAY 13/16
A90: 140313 | B90: 50 | C90: =SUM(B90*5) -> 250 | D90: 0 | E90: 0 | F90: 1 | G90: 1 | H90: 1 | I90: 1 | J90: =SUM(D90:I90) -> 4 | K90: =SUM(D90:H90) -> 3 | L90: =B90*K90 -> 150 | M90: MAY 15/14 | N90: MAY 15/16
A91: 140314 | B91: 45 | C91: =SUM(B91*5) -> 225 | D91: 0 | E91: 0 | F91: 0 | G91: 0 | H91: 0 | I91: 0 | J91: =SUM(D91:I91) -> 0 | K91: =SUM(D91:H91) -> 0 | L91: =B91*K91 -> 0 | M91: MAY18/14 | N91: MAY18/16
A92: 140315 | B92: 45 | C92: =SUM(B92*5) -> 225 | D92: 0 | E92: 1 | F92: 1 | G92: 1 | H92: 1 | I92: 1 | J92: =SUM(D92:I92) -> 5 | K92: =SUM(D92:H92) -> 4 | L92: =B92*K92 -> 180 | M92: MAY18/14 | N92: MAY18/16
A93: 140316 | D93: 0 | E93: 0 | F93: 0 | G93: 0 | H93: 0 | I93: 0 | M93: CHRIS | O93: Chris | P93: 화병 깨트림 | R93: COMP
D94: 0 | E94: 0 | F94: 1 | G94: 1 | M94: MAY22/14 | N94: MAY22/16 | P94: MEHRAN
A95: 140317 | B95: 45 | C95: =SUM(B95*5) -> 225 | D95: 0 | E95: 0 | F95: 0 | G95: 0 | H95: 0 | I95: 1 | J95: =SUM(D95:I95) -> 1 | K95: =SUM(D95:H95) -> 0 | L95: =B95*K95 -> 0 | M95: MAY27/14 | N95: MAY27/16
A96: 140318 | B96: 30 | C96: =SUM(B96*1) -> 30 | D96: 1 | E96: 0 | F96: 0 | G96: 0 | H96: 0 | I96: 0 | J96: =SUM(D96:I96) -> 1 | K96: =SUM(D96:H96) -> 1 | L96: =B96*K96 -> 30 | M96: MAY29/14 | N96: MAY29/16 | O96: CHASE TELUS
A97: 140319 | B97: 30 | C97: =SUM(B97*1) -> 30 | D97: 1 | E97: 0 | F97: 0 | G97: 0 | H97: 0 | I97: 0 | J97: =SUM(D97:I97) -> 1 | K97: =SUM(D97:H97) -> 1 | L97: =B97*K97 -> 30 | M97: MAY29/14 | N97: MAY29/16 | O97: CHASE TELUS
A98: 140320 | B98: 30 | C98: =SUM(B98*1) -> 30 | D98: 1 | E98: 0 | F98: 0 | G98: 0 | H98: 0 | I98: 0 | J98: =SUM(D98:I98) -> 1 | K98: =SUM(D98:H98) -> 1 | L98: =B98*K98 -> 30 | M98: MAY29/14 | N98: MAY29/16 | O98: CHASE TELUS
A99: 140321 | B99: 120 | C99: =SUM(B99*5) -> 600 | D99: 0 | E99: 0 | F99: 0 | G99: 0 | H99: 0 | I99: 0 | J99: =SUM(D99:I99) -> 0 | K99: =SUM(D99:H99) -> 0 | L99: =B99*K99 -> 0 | M99: MAY31/14 | N99: MAY31/16
A100: 140322 | B100: 45 | C100: =SUM(B100*5) -> 225 | D100: 0 | E100: 0 | F100: 0 | G100: 0 | H100: 0 | I100: 0 | J100: =SUM(D100:I100) -> 0 | K100: =SUM(D100:H100) -> 0 | L100: =B100*K100 -> 0 | M100: MAY31/14 | N100: MAY31/16
A101: 140323 | B101: 60 | C101: =SUM(B101*5) -> 300 | D101: 0 | E101: 0 | F101: 0 | G101: 0 | H101: 0 | I101: 0 | J101: =SUM(D101:I101) -> 0 | K101: =SUM(D101:H101) -> 0 | L101: =B101*K101 -> 0 | M101: JUN01/14 | N101: JUN01/16
A102: 140324 | B102: 45 | C102: =SUM(B102*5) -> 225 | D102: 0 | E102: 0 | F102: 0 | G102: 0 | H102: 0 | I102: 1 | J102: =SUM(D102:I102) -> 1 | K102: =SUM(D102:H102) -> 0 | L102: =B102*K102 -> 0 | M102: JUN03/14 | N102: JUN03/16
A103: 140325 | B103: 45 | C103: =SUM(B103*5) -> 225 | D103: 0 | E103: 1 | F103: 1 | G103: 1 | H103: 1 | I103: 1 | J103: =SUM(D103:I103) -> 5 | K103: =SUM(D103:H103) -> 4 | L103: =B103*K103 -> 180 | M103: JUN03/14 | N103: JUN03/16
A104: 140326 | B104: 45 | C104: =SUM(B104*5) -> 225 | D104: 0 | E104: 0 | F104: 0 | G104: 0 | H104: 0 | I104: 0 | J104: =SUM(D104:I104) -> 0 | K104: =SUM(D104:H104) -> 0 | L104: =B104*K104 -> 0 | M104: JUN07/14 | N104: JUN07/16
A105: 140327 | B105: 90 | C105: =SUM(B105*5) -> 450 | D105: 0 | E105: 0 | F105: 0 | G105: 0 | H105: 0 | I105: 0 | J105: =SUM(D105:I105) -> 0 | K105: =SUM(D105:H105) -> 0 | L105: =B105*K105 -> 0 | M105: JUN08/14 | N105: JUN08/16
A106: 140328 | B106: 0 | C106: =SUM(B106*5) -> 0 | D106: 0 | E106: 0 | F106: 0 | G106: 0 | H106: 1 | I106: 1 | J106: =SUM(D106:I106) -> 2 | K106: =SUM(D106:H106) -> 1 | L106: =B106*K106 -> 0 | O106: NICHOL FRIEND
A107: 140329 | B107: 45 | C107: =SUM(B107*5) -> 225 | D107: 0 | E107: 0 | F107: 0 | G107: 0 | H107: 0 | I107: 0 | J107: =SUM(D107:I107) -> 0 | K107: =SUM(D107:H107) -> 0 | L107: =B107*K107 -> 0 | M107: JUN14/14 | N107: JUN14/16
A108: 140330 | B108: 50 | C108: =SUM(B108*5) -> 250 | D108: 0 | E108: 0 | F108: 0 | G108: 0 | H108: 0 | I108: 1 | J108: =SUM(D108:I108) -> 1 | K108: =SUM(D108:H108) -> 0 | L108: =B108*K108 -> 0 | M108: JUN18/14 | N108: JUN18/16
A109: 140331 | B109: 45 | C109: =SUM(B109*5) -> 225 | D109: 0 | E109: 0 | F109: 0 | G109: 0 | H109: 1 | I109: 1 | J109: =SUM(D109:I109) -> 2 | K109: =SUM(D109:H109) -> 1 | L109: =B109*K109 -> 45 | M109: JUN20/14 | N109: JUN20/16
A110: 140332 | B110: 45 | C110: =SUM(B110*5) -> 225 | D110: 0 | E110: 0 | F110: 0 | G110: 0 | H110: 0 | I110: 1 | J110: =SUM(D110:I110) -> 1 | K110: =SUM(D110:H110) -> 0 | L110: =B110*K110 -> 0 | M110: JUN21/14 | N110: JUN21/16
...

Sheet 2015
C1: Amount | L1: Amount | N1: UNCLAIMED
A2: Numbers | C2: sold | L2: Unclaimed | N2: Percentage
C3: =SUM(C7:C332) -> 78825 | L3: =SUM(L7:L332)-180 -> 4909 | N3: =L3/C3 -> 0.062277196
A4: No | B4: Unit | C4: Sales | J4: Service(s) | K4: Value | L4: $ | M4: issued on | N4: expires at | O4: Customer | P4: Phone | Q4: e-mail
B5: Price | C5: Price | D5: (USED) | J5: left | K5: left | L5: left | O5: Name
A7: 140526 | B7: 60 | C7: =SUM(B7*5) -> 300 | D7: 0 | E7: 0 | F7: 0 | G7: 0 | H7: 0 | I7: 1 | J7: =SUM(D7:I7) -> 1 | K7: =SUM(D7:H7) -> 0 | L7: =B7*K7 -> 0 | M7: JAN02/2015 | N7: JAN02/2017
A8: 140527 | B8: 50 | C8: =SUM(B8*5) -> 250 | D8: 0 | E8: 0 | F8: 0 | G8: 0 | H8: 0 | I8: 0 | J8: =SUM(D8:I8) -> 0 | K8: =SUM(D8:H8) -> 0 | L8: =B8*K8 -> 0 | M8: JAN02/2015 | N8: JAN02/2017
A9: 140528 | B9: 60 | C9: =SUM(B9*5) -> 300 | D9: 0 | E9: 0 | F9: 0 | G9: 0 | H9: 0 | I9: 1 | J9: =SUM(D9:I9) -> 1 | K9: =SUM(D9:H9) -> 0 | L9: =B9*K9 -> 0 | M9: JAN02/2015 | N9: JAN02/2017
A10: 140529 | B10: 60 | C10: =SUM(B10*5) -> 300 | D10: 0 | E10: 0 | F10: 0 | G10: 0 | H10: 0 | I10: 1 | J10: =SUM(D10:I10) -> 1 | K10: =SUM(D10:H10) -> 0 | L10: =B10*K10 -> 0 | M10: JAN03/2015 | N10: JAN03/2017
A11: 140530 | B11: 50 | C11: =SUM(B11*5) -> 250 | D11: 0 | E11: 0 | F11: 0 | G11: 0 | H11: 0 | I11: 0 | J11: =SUM(D11:I11) -> 0 | K11: =SUM(D11:H11) -> 0 | L11: =B11*K11 -> 0 | M11: JAN08/2015 | N11: JAN08/2017
A12: 140531 | B12: 45 | C12: =SUM(B12*5) -> 225 | D12: 0 | E12: 0 | F12: 0 | G12: 0 | H12: 0 | I12: 0 | J12: =SUM(D12:I12) -> 0 | K12: =SUM(D12:H12) -> 0 | L12: =B12*K12 -> 0 | M12: JAN10/2015 | N12: JAN10/2017
A13: 140532 | B13: 60 | C13: =SUM(B13*5) -> 300 | D13: 0 | E13: 0 | F13: 0 | G13: 0 | H13: 0 | I13: 1 | J13: =SUM(D13:I13) -> 1 | K13: =SUM(D13:H13) -> 0 | L13: =B13*K13 -> 0 | M13: JAN15/2015 | N13: JAN15/2017
A14: 140533 | B14: 45 | C14: =SUM(B14*5) -> 225 | D14: 0 | E14: 0 | F14: 0 | G14: 0 | H14: 0 | I14: 0 | J14: =SUM(D14:I14) -> 0 | K14: =SUM(D14:H14) -> 0 | L14: =B14*K14 -> 0 | M14: JAN16/2015 | N14: JAN16/2017
A15: 140534 | B15: 50 | C15: =SUM(B15*5) -> 250 | D15: 0 | E15: 0 | F15: 0 | G15: 0 | H15: 0 | I15: 0 | J15: =SUM(D15:I15) -> 0 | K15: =SUM(D15:H15) -> 0 | L15: =B15*K15 -> 0 | M15: JAN16/2015 | N15: JAN16/2017
A16: 140535 | B16: 60 | C16: =SUM(B16*5) -> 300 | D16: 0 | E16: 0 | F16: 0 | G16: 0 | H16: 0 | I16: 0 | J16: =SUM(D16:I16) -> 0 | K16: =SUM(D16:H16) -> 0 | L16: =B16*K16 -> 0 | M16: JAN16/2015 | N16: JAN16/2017
A17: 140536 | B17: 60 | C17: =SUM(B17*5) -> 300 | D17: 0 | E17: 0 | F17: 0 | G17: 0 | H17: 0 | I17: 0 | J17: =SUM(D17:I17) -> 0 | K17: =SUM(D17:H17) -> 0 | L17: =B17*K17 -> 0 | M17: JAN16/2015 | N17: JAN16/2017 | R17: `
A18: 140537 | B18: 45 | C18: =SUM(B18*5) -> 225 | D18: 0 | E18: 0 | F18: 0 | G18: 0 | H18: 0 | I18: 0 | J18: =SUM(D18:I18) -> 0 | K18: =SUM(D18:H18) -> 0 | L18: =B18*K18 -> 0 | M18: JAN16/2015 | N18: JAN16/2017
A19: 140538 | B19: 45 | C19: =SUM(B19*5) -> 225 | D19: 0 | E19: 0 | F19: 0 | G19: 0 | H19: 0 | I19: 0 | J19: =SUM(D19:I19) -> 0 | K19: =SUM(D19:H19) -> 0 | L19: =B19*K19 -> 0 | M19: JAN17/2015 | N19: JAN17/2017
A20: 140539 | C20: =SUM(B20*5) -> 0 | D20: 0 | E20: 0 | F20: 0 | J20: =SUM(D20:I20) -> 0 | K20: =SUM(D20:H20) -> 0 | L20: =B20*K20 -> 0 | M20: JAN18/2015 | N20: JAN18/2017 | O20: COMP
A21: 150540 | B21: 60 | C21: =SUM(B21*5) -> 300 | D21: 0 | E21: 0 | F21: 0 | G21: 0 | H21: 0 | I21: 0 | J21: =SUM(D21:I21) -> 0 | K21: =SUM(D21:H21) -> 0 | L21: =B21*K21 -> 0 | M21: JAN18/2015 | N21: JAN18/2017
A22: 150541 | B22: 45 | C22: =SUM(B22*5) -> 225 | D22: 0 | E22: 0 | F22: 0 | G22: 0 | H22: 0 | I22: 0 | J22: =SUM(D22:I22) -> 0 | K22: =SUM(D22:H22) -> 0 | L22: =B22*K22 -> 0 | M22: JAN18/2015 | N22: JAN18/2017
A23: 150542 | B23: 45 | C23: =SUM(B23*5) -> 225 | D23: 0 | E23: 0 | F23: 0 | G23: 0 | H23: 0 | I23: 0 | J23: =SUM(D23:I23) -> 0 | K23: =SUM(D23:H23) -> 0 | L23: =B23*K23 -> 0 | M23: JAN18/2015 | N23: JAN18/2017
A24: 150543 | B24: 60 | C24: =SUM(B24*5) -> 300 | D24: 0 | E24: 0 | F24: 0 | G24: 0 | H24: 0 | I24: 1 | J24: =SUM(D24:I24) -> 1 | K24: =SUM(D24:H24) -> 0 | L24: =B24*K24 -> 0 | M24: JAN20/2015 | N24: JAN20/2017
A25: 150544 | B25: 45 | C25: =SUM(B25*5) -> 225 | D25: 0 | E25: 0 | F25: 0 | G25: 0 | H25: 0 | I25: 0 | J25: =SUM(D25:I25) -> 0 | K25: =SUM(D25:H25) -> 0 | L25: =B25*K25 -> 0 | M25: JAN21/2015 | N25: JAN21/2017
A26: 150545 | B26: 45 | C26: =SUM(B26*5) -> 225 | D26: 0 | E26: 0 | F26: 0 | G26: 0 | H26: 0 | I26: 0 | J26: =SUM(D26:I26) -> 0 | K26: =SUM(D26:H26) -> 0 | L26: =B26*K26 -> 0 | M26: JAN25/2015 | N26: JAN25/2017
A27: 150546 | B27: 60 | C27: =SUM(B27*5) -> 300 | D27: 0 | E27: 0 | F27: 0 | G27: 0 | H27: 0 | I27: 0 | J27: =SUM(D27:I27) -> 0 | K27: =SUM(D27:H27) -> 0 | L27: =B27*K27 -> 0 | M27: JAN25/2015 | N27: JAN25/2017
A28: 150547 | B28: 60 | C28: =SUM(B28*5) -> 300 | D28: 0 | E28: 0 | F28: 0 | G28: 0 | H28: 0 | I28: 1 | J28: =SUM(D28:I28) -> 1 | K28: =SUM(D28:H28) -> 0 | L28: =B28*K28 -> 0 | M28: JAN29/2015 | N28: JAN29/2017
A29: 150548 | B29: 60 | C29: =SUM(B29*5) -> 300 | D29: 0 | E29: 0 | F29: 0 | G29: 0 | H29: 0 | I29: 0 | J29: =SUM(D29:I29) -> 0 | K29: =SUM(D29:H29) -> 0 | L29: =B29*K29 -> 0 | M29: JAN29/2015 | N29: JAN29/2017
A30: 150549 | B30: 60 | C30: =SUM(B30*5) -> 300 | D30: 0 | E30: 0 | F30: 0 | G30: 0 | H30: 0 | I30: 1 | J30: =SUM(D30:I30) -> 1 | K30: =SUM(D30:H30) -> 0 | L30: =B30*K30 -> 0 | M30: JAN29/2015 | N30: JAN29/2017
A31: 150550 | B31: 50 | C31: =SUM(B31*5) -> 250 | D31: 0 | E31: 0 | F31: 0 | G31: 0 | H31: 0 | I31: 0 | J31: =SUM(D31:I31) -> 0 | K31: =SUM(D31:H31) -> 0 | L31: =B31*K31 -> 0 | M31: JAN29/2015 | N31: JAN29/2017
A32: 150551 | B32: 45 | C32: =SUM(B32*5) -> 225 | D32: 0 | E32: 0 | F32: 0 | G32: 0 | H32: 0 | I32: 0 | J32: =SUM(D32:I32) -> 0 | K32: =SUM(D32:H32) -> 0 | L32: =B32*K32 -> 0 | M32: JAN31/2015 | N32: JAN31/2017
... A50: 150569 | B50: 60 | C50: =SUM(B50*5) -> 300 | D50: 0 | E50: 0 | F50: 0 | G50: 0 | H50: 0 | I50: 0 | J50: =SUM(D50:I50) -> 0 | K50: =SUM(D50:H50) -> 0 | L50: =B50*K50 -> 0 | M50: FEB21/2015 | N50: FEB21/2017
A51: 150570 | B51: 36 | C51: =B51*10 -> 360 | D51: 0 | E51: 0 | F51: 0 | G51: 0 | H51: 0 | I51: 1 | J51: =SUM(D51:I52) -> 7 | K51: =SUM(D51:I52) -> 7 | L51: =315 -> 315 | M51: FEB23/2015 | N51: FEB23/2017
D52: 1 | E52: 1 | F52: 1 | G52: 1 | H52: 1 | I52: 1
A53: 150571 | B53: 45 | C53: =SUM(B53*5) -> 225 | D53: 0 | E53: 0 | F53: 0 | G53: 0 | H53: 0 | I53: 0 | J53: =SUM(D53:I53) -> 0 | K53: =SUM(D53:H53) -> 0 | L53: =B53*K53 -> 0 | M53: FEB24/2015 | N53: FEB24/2017
A54: 150572 | B54: 45 | C54: =SUM(B54*5) -> 225 | D54: 0 | E54: 1 | F54: 1 | G54: 1 | H54: 1 | I54: 1 | J54: =SUM(D54:I54) -> 5 | K54: =SUM(D54:H54) -> 4 | L54: =B54*K54 -> 180 | M54: FEB24/2015 | N54: FEB24/2017
A55: 150573 | B55: 60 | C55: =SUM(B55*5) -> 300 | D55: 0 | E55: 0 | F55: 0 | G55: 0 | H55: 1 | I55: 1 | J55: =SUM(D55:I55) -> 2 | K55: =SUM(D55:H55) -> 1 | L55: =B55*K55 -> 60 | M55: FEB26/2015 | N55: FEB26/2017
A56: 150574 | B56: 45 | C56: =SUM(B56*5) -> 225 | D56: 0 | E56: 0 | F56: 0 | G56: 0 | H56: 0 | I56: 0 | J56: =SUM(D56:I56) -> 0 | K56: =SUM(D56:H56) -> 0 | L56: =B56*K56 -> 0 | M56: FEB26/2015 | N56: FEB26/2017
A57: 150575 | C57: =SUM(B57*5) -> 0 | D57: 0 | E57: 0 | F57: 0 | G57: 0 | H57: 0 | I57: 0 | J57: =SUM(D57:I57) -> 0 | K57: =SUM(D57:H57) -> 0 | L57: =B57*K57 -> 0 | M57: COMP $30 VOUCHER | O57: DONE on 04/09/15
A58: 150576 | B58: 45 | C58: =SUM(B58*5) -> 225 | D58: 0 | E58: 0 | F58: 0 | G58: 0 | H58: 0 | I58: 0 | J58: =SUM(D58:I58) -> 0 | K58: =SUM(D58:H58) -> 0 | L58: =B58*K58 -> 0 | M58: MAR01/2015 | N58: MAR01/2017
A59: 150577 | B59: 60 | C59: =SUM(B59*5) -> 300 | D59: 0 | E59: 0 | F59: 0 | G59: 0 | H59: 0 | I59: 1 | J59: =SUM(D59:I59) -> 1 | K59: =SUM(D59:H59) -> 0 | L59: =B59*K59 -> 0 | M59: MAR01/2015 | N59: MAR01/2017 | O59: 한 고객
A60: 150578 | B60: 45 | C60: =SUM(B60*5) -> 225 | D60: 0 | E60: 0 | F60: 0 | G60: 0 | H60: 0 | I60: 0 | J60: =SUM(D60:I60) -> 0 | K60: =SUM(D60:H60) -> 0 | L60: =B60*K60 -> 0 | M60: MAR01/2015 | N60: MAR01/2017 | O60: 2장 구매
A61: 150579 | B61: 45 | C61: =SUM(B61*5) -> 225 | D61: 0 | E61: 0 | F61: 0 | G61: 0 | H61: 0 | I61: 0 | J61: =SUM(D61:I61) -> 0 | K61: =SUM(D61:H61) -> 0 | L61: =B61*K61 -> 0 | M61: MAR01/2015 | N61: MAR01/2017
A62: 150580 | B62: 45 | C62: =SUM(B62*5) -> 225 | D62: 0 | E62: 0 | F62: 0 | G62: 0 | H62: 0 | I62: 0 | J62: =SUM(D62:I62) -> 0 | K62: =SUM(D62:H62) -> 0 | L62: =B62*K62 -> 0 | M62: MAR05/2015 | N62: MAR05/2017
A63: 150581 | B63: 45 | C63: =SUM(B63*5) -> 225 | D63: 0 | E63: 0 | F63: 0 | G63: 0 | H63: 0 | I63: 0 | J63: =SUM(D63:I63) -> 0 | K63: =SUM(D63:H63) -> 0 | L63: =B63*K63 -> 0 | M63: MAR05/2015 | N63: MAR05/2017
A64: 150582 | B64: 45 | C64: =SUM(B64*5) -> 225 | D64: 0 | E64: 0 | F64: 0 | G64: 0 | H64: 0 | I64: 0 | J64: =SUM(D64:I64) -> 0 | K64: =SUM(D64:H64) -> 0 | L64: =B64*K64 -> 0 | M64: MAR07/2015 | N64: MAR07/2017
A65: 150583 | B65: 45 | C65: =SUM(B65*5) -> 225 | D65: 0 | E65: 0 | F65: 0 | G65: 0 | H65: 0 | I65: 0 | J65: =SUM(D65:I65) -> 0 | K65: =SUM(D65:H65) -> 0 | L65: =B65*K65 -> 0 | M65: MAR10/2015 | N65: MAR10/2017
A66: 150584 | B66: 60 | C66: =SUM(B66*5) -> 300 | D66: 0 | E66: 0 | F66: 0 | G66: 0 | H66: 0 | I66: 0 | J66: =SUM(D66:I66) -> 0 | K66: =SUM(D66:H66) -> 0 | L66: =B66*K66 -> 0 | M66: MAR11/2015 | N66: MAR11/2017
A67: 150585 | B67: 50 | C67: =SUM(B67*5) -> 250 | D67: 0 | E67: 0 | F67: 0 | G67: 0 | H67: 0 | I67: 0 | J67: =SUM(D67:I67) -> 0 | K67: =SUM(D67:H67) -> 0 | L67: =B67*K67 -> 0 | M67: MAR14/2015 | N67: MAR14/2017
A68: 150586 | B68: 60 | C68: =SUM(B68*5) -> 300 | D68: 0 | E68: 0 | F68: 0 | G68: 0 | H68: 0 | I68: 0 | J68: =SUM(D68:I68) -> 0 | K68: =SUM(D68:H68) -> 0 | L68: =B68*K68 -> 0 | M68: MAR14/2015 | N68: MAR14/2017 | O68: 7th
A69: 150587 | B69: 45 | C69: =SUM(B69*5) -> 225 | D69: 0 | E69: 0 | F69: 0 | G69: 0 | H69: 0 | I69: 0 | J69: =SUM(D69:I69) -> 0 | K69: =SUM(D69:H69) -> 0 | L69: =B69*K69 -> 0 | M69: MAR17/2015 | N69: MAR17/2017
A70: 150588 | B70: 45 | C70: =SUM(B70*5) -> 225 | D70: 0 | E70: 0 | F70: 0 | G70: 0 | H70: 0 | I70: 0 | J70: =SUM(D70:I70) -> 0 | K70: =SUM(D70:H70) -> 0 | L70: =B70*K70 -> 0 | M70: MAR19/2015 | N70: MAR19/2017
A71: 150589 | B71: 60 | C71: =SUM(B71*5) -> 300 | D71: 0 | E71: 0 | F71: 0 | G71: 0 | H71: 0 | I71: 1 | J71: =SUM(D71:I71) -> 1 | K71: =SUM(D71:H71) -> 0 | L71: =B71*K71 -> 0 | M71: MAR19/2015 | N71: MAR19/2017
A72: 150590 | B72: 45 | C72: =SUM(B72*5) -> 225 | D72: 0 | E72: 0 | F72: 0 | G72: 0 | H72: 0 | I72: 0 | J72: =SUM(D72:I72) -> 0 | K72: =SUM(D72:H72) -> 0 | L72: =B72*K72 -> 0 | M72: MAR28/2015 | N72: MAR28/2017
A73: 150591 | B73: 45 | C73: =SUM(B73*5) -> 225 | D73: 0 | E73: 0 | F73: 0 | G73: 0 | H73: 0 | I73: 1 | J73: =SUM(D73:I73) -> 1 | K73: =SUM(D73:H73) -> 0 | L73: =B73*K73 -> 0 | M73: MAR28/2015 | N73: MAR28/2017
A74: 150592 | B74: 45 | C74: =SUM(B74*5) -> 225 | D74: 0 | E74: 0 | F74: 0 | G74: 0 | H74: 0 | I74: 0 | J74: =SUM(D74:I74) -> 0 | K74: =SUM(D74:H74) -> 0 | L74: =B74*K74 -> 0 | M74: MAR28/2015 | N74: MAR28/2017
A75: 150593 | B75: 60 | C75: =SUM(B75*5) -> 300 | D75: 0 | E75: 0 | F75: 0 | G75: 0 | H75: 0 | I75: 0 | J75: =SUM(D75:I75) -> 0 | K75: =SUM(D75:H75) -> 0 | L75: =B75*K75 -> 0 | M75: MAR29/2015 | N75: MAR29/2017
A76: 150594 | C76: =SUM(B76*5) -> 0 | D76: 0 | E76: COMP | J76: =SUM(D76:I76) -> 0 | K76: =SUM(D76:H76) -> 0 | L76: =B76*K76 -> 0 | M76: MAR29/2015 | N76: MAR29/2016 | O76: JAMES COMPLAINT
A77: 150595 | B77: 45 | C77: =SUM(B77*5) -> 225 | D77: 0 | E77: 0 | F77: 0 | G77: 0 | H77: 0 | I77: 0 | J77: =SUM(D77:I77) -> 0 | K77: =SUM(D77:H77) -> 0 | L77: =B77*K77 -> 0 | M77: APR01/2015 | N77: APR01/2017
A78: 150596 | B78: 50 | C78: =SUM(B78*5) -> 250 | D78: 0 | E78: 0 | F78: 0 | G78: 0 | H78: 0 | I78: 0 | J78: =SUM(D78:I78) -> 0 | K78: =SUM(D78:H78) -> 0 | L78: =B78*K78 -> 0 | M78: APR02/2015 | N78: APR02/2017
A79: 150597 | B79: 45 | C79: =SUM(B79*5) -> 225 | D79: 0 | E79: 0 | F79: 0 | G79: 1 | H79: 0 | I79: 0 | J79: =SUM(D79:I79) -> 1 | K79: =SUM(D79:H79) -> 1 | L79: =B79*K79 -> 45 | M79: APR02/2015 | N79: APR02/2017
A80: 150598 | B80: 45 | C80: =SUM(B80*5) -> 225 | D80: 0 | E80: 0 | F80: 0 | G80: 0 | H80: 0 | I80: 0 | J80: =SUM(D80:I80) -> 0 | K80: =SUM(D80:H80) -> 0 | L80: =B80*K80 -> 0 | M80: APR04/2015 | N80: APR04/2017
A81: 150599 | B81: 100 | C81: =SUM(B81*5) -> 500 | D81: 0 | E81: 0 | F81: 0 | G81: 0 | H81: 0 | I81: 0 | J81: =SUM(D81:I81) -> 0 | K81: =SUM(D81:H81) -> 0 | L81: =B81*K81 -> 0 | M81: APR06/2015 | N81: APR06/2017
A82: 150600 | B82: 60 | C82: =SUM(B82*5) -> 300 | D82: 0 | E82: 0 | F82: 0 | G82: 0 | H82: 0 | I82: 0 | J82: =SUM(D82:I82) -> 0 | K82: =SUM(D82:H82) -> 0 | L82: =B82*K82 -> 0 | M82: APR06/2015 | N82: APR06/2017
A83: 150601 | C83: =SUM(B83*5) -> 0 | D83: 0 | E83: COMP | J83: =SUM(D83:I83) -> 0 | K83: =SUM(D83:H83) -> 0 | L83: =B83*K83 -> 0 | M83: APR06/2015 | N83: APR06/2016
A84: 150602 | B84: 60 | C84: =SUM(B84*5) -> 300 | D84: 1 | E84: 1 | F84: 1 | G84: 1 | H84: 1 | I84: 1 | J84: =SUM(D84:I84) -> 6 | K84: =SUM(D84:H84) -> 5 | L84: =B84*K84 -> 300 | M84: APR07/2015 | N84: APR07/2017
A85: 150603 | C85: =SUM(B85*5) -> 0 | D85: $40 D/C VOUCHER | J85: =SUM(D85:I85) -> 0 | K85: =SUM(D85:H85) -> 0 | L85: =B85*K85 -> 0 | M85: APR10/2015 | N85: APR10/2016 | O85: OVER CHARGE
A86: 150604 | B86: 60 | C86: =SUM(B86*5) -> 300 | D86: 0 | E86: 0 | F86: 0 | G86: 0 | H86: 0 | I86: 0 | J86: =SUM(D86:I86) -> 0 | K86: =SUM(D86:H86) -> 0 | L86: =B86*K86 -> 0 | M86: APR10/2015 | N86: APR10/2017
A87: 150605 | B87: 45 | C87: =SUM(B87*5) -> 225 | D87: 0 | E87: 0 | F87: 0 | G87: 0 | H87: 0 | I87: 0 | J87: =SUM(D87:I87) -> 0 | K87: =SUM(D87:H87) -> 0 | L87: =B87*K87 -> 0 | M87: APR12/2015 | N87: APR12/2017
A88: 150606 | B88: 45 | C88: =SUM(B88*5) -> 225 | D88: 0 | E88: 0 | F88: 0 | G88: 0 | H88: 0 | I88: 0 | J88: =SUM(D88:I88) -> 0 | K88: =SUM(D88:H88) -> 0 | L88: =B88*K88 -> 0 | M88: APR12/2015 | N88: APR12/2017
A89: 150607 | B89: 45 | C89: =SUM(B89*5) -> 225 | D89: 0 | E89: 0 | F89: 0 | G89: 0 | H89: 0 | I89: 0 | J89: =SUM(D89:I89) -> 0 | K89: =SUM(D89:H89) -> 0 | L89: =B89*K89 -> 0 | M89: APR14/2015 | N89: APR14/2017
A90: 150608 | B90: 45 | C90: =SUM(B90*5) -> 225 | D90: 0 | E90: 0 | F90: 0 | G90: 0 | H90: 0 | I90: 0 | J90: =SUM(D90:I90) -> 0 | K90: =SUM(D90:H90) -> 0 | L90: =B90*K90 -> 0 | M90: APR18/2015 | N90: APR18/2017
A91: 150609 | B91: 60 | C91: =SUM(B91*5) -> 300 | D91: 0 | E91: 0 | F91: 0 | G91: 0 | H91: 0 | I91: 0 | J91: =SUM(D91:I91) -> 0 | K91: =SUM(D91:H91) -> 0 | L91: =B91*K91 -> 0 | M91: APR23/2015 | N91: APR23/2017
A92: 150610 | B92: 60 | C92: =SUM(B92*5) -> 300 | D92: 0 | E92: 0 | F92: 0 | G92: 0 | H92: 0 | I92: 0 | J92: =SUM(D92:I92) -> 0 | K92: =SUM(D92:H92) -> 0 | L92: =B92*K92 -> 0 | M92: APR25/2015 | N92: APR25/2017
A93: 150611 | B93: 60 | C93: =SUM(B93*5) -> 300 | D93: 0 | E93: 0 | F93: 0 | G93: 0 | H93: 0 | I93: 0 | J93: =SUM(D93:I93) -> 0 | K93: =SUM(D93:H93) -> 0 | L93: =B93*K93 -> 0 | M93: APR27/2015 | N93: APR27/2017
A94: 150612 | B94: 60 | C94: =SUM(B94*5) -> 300 | D94: 0 | E94: 0 | F94: 0 | G94: 0 | H94: 0 | I94: 0 | J94: =SUM(D94:I94) -> 0 | K94: =SUM(D94:H94) -> 0 | L94: =B94*K94 -> 0 | M94: APR28/2015 | N94: APR28/2017
A95: 150613 | B95: 45 | C95: =SUM(B95*5) -> 225 | D95: 0 | E95: 0 | F95: 0 | G95: 0 | H95: 0 | I95: 0 | J95: =SUM(D95:I95) -> 0 | K95: =SUM(D95:H95) -> 0 | L95: =B95*K95 -> 0 | M95: MAY02/2015 | N95: MAY02/2017
A96: 150614 | B96: 45 | C96: =SUM(B96*5) -> 225 | D96: 0 | E96: 0 | F96: 0 | G96: 0 | H96: 1 | I96: 1 | J96: =SUM(D96:I96) -> 2 | K96: =SUM(D96:H96) -> 1 | L96: =B96*K96 -> 45 | M96: MAY04/2015 | N96: MAY04/2017
A97: 150615 | B97: 35 | C97: =SUM(B97*5) -> 175 | D97: 0 | E97: 0 | F97: 0 | G97: 0 | H97: 0 | I97: 0 | J97: =SUM(D97:I97) -> 0 | K97: =SUM(D97:H97) -> 0 | L97: =B97*K97 -> 0 | M97: MAY05/2015 | N97: MAY05/2017
... A105: 150623 | B105: 60 | C105: =SUM(B105*5) -> 300 | D105: 0 | E105: 0 | F105: 0 | G105: 0 | H105: 0 | I105: 0 | J105: =SUM(D105:I105) -> 0 | K105: =SUM(D105:H105) -> 0 | L105: =B105*K105 -> 0 | M105: MAY15/2015 | N105: MAY15/2017
A106: 150624 | B106: 75 | C106: =B106*2 -> 150 | D106: 0 | E106: 0 | F106: 0 | G106: 0 | J106: =SUM(D106:I106) -> 0 | K106: =SUM(D106:H106) -> 0 | L106: =B106*K106 -> 0 | M106: MAY16/2015 | N106: MAY16/2017 | O106: AB 입고 ? 4/6 21/11/17 ? $75 2회로 판매된것인데 의아.
A107: 150625 | B107: 45 | C107: =SUM(B107*5) -> 225 | D107: 0 | E107: 0 | F107: 0 | G107: 0 | H107: 0 | I107: 0 | J107: =SUM(D107:I107) -> 0 | K107: =SUM(D107:H107) -> 0 | L107: =B107*K107 -> 0 | M107: MAY16/2015 | N107: MAY16/2017
A108: 150626 | B108: 41 | C108: =SUM(B108*5) -> 205 | D108: 0 | E108: 0 | F108: 0 | G108: 0 | H108: 0 | I108: 1 | J108: =SUM(D108:I108) -> 1 | K108: =SUM(D108:H108) -> 0 | L108: =B108*K108 -> 0 | M108: MAY17/2015 | N108: MAY17/2017
A109: 150627 | B109: 45 | C109: =SUM(B109*5) -> 225 | D109: 0 | E109: 0 | F109: 0 | G109: 0 | H109: 0 | I109: 0 | J109: =SUM(D109:I109) -> 0 | K109: =SUM(D109:H109) -> 0 | L109: =B109*K109 -> 0 | M109: MAY18/2015 | N109: MAY18/2017
A110: 150628 | B110: 45 | C110: =SUM(B110*5) -> 225 | D110: 1 | E110: 1 | F110: 1 | G110: 1 | H110: 1 | I110: 1 | J110: =SUM(D110:I110) -> 6 | K110: =SUM(D110:H110) -> 5 | L110: =B110*K110 -> 225 | M110: MAY19/2015 | N110: MAY19/2017
A111: 150629 | B111: 60 | C111: =SUM(B111*5) -> 300 | D111: 1 | E111: 1 | F111: 1 | G111: 1 | H111: 1 | I111: 1 | J111: =SUM(D111:I111) -> 6 | K111: =SUM(D111:H111) -> 5 | L111: =B111*K111 -> 300 | M111: MAY19/2015 | N111: MAY19/2017
A112: 150630 | B112: 60 | C112: =SUM(B112*5) -> 300 | D112: 0 | E112: 0 | F112: 0 | G112: 0 | H112: 0 | I112: 0 | J112: =SUM(D112:I112) -> 0 | K112: =SUM(D112:H112) -> 0 | L112: =B112*K112 -> 0 | M112: MAY20/2015 | N112: MAY20/2017
A113: 150631 | B113: 45 | C113: =SUM(B113*5) -> 225 | D113: 0 | E113: 0 | F113: 0 | G113: 0 | H113: 0 | I113: 0 | J113: =SUM(D113:I113) -> 0 | K113: =SUM(D113:H113) -> 0 | L113: =B113*K113 -> 0 | M113: MAY24/2015 | N113: MAY24/2017
A114: 150632 | B114: 60 | C114: =SUM(B114*5) -> 300 | D114: 0 | E114: 0 | F114: 0 | G114: 0 | H114: 0 | I114: 1 | J114: =SUM(D114:I114) -> 1 | K114: =SUM(D114:H114) -> 0 | L114: =B114*K114 -> 0 | M114: JUN05/2015 | N114: JUN05/2017
A115: 150633 | C115: =SUM(B115*5) -> 0 | D115: 0 | E115: COMP | F115: O | G115: M | H115: P | J115: =SUM(D115:I115) -> 0 | K115: =SUM(D115:H115) -> 0 | L115: =B115*K115 -> 0 | M115: JUN07/2015 | N115: JUN07/2016 | O115: 짐 섞인것 사과
A116: 150634 | B116: 45 | C116: =SUM(B116*5) -> 225 | D116: 0 | E116: 0 | F116: 0 | G116: 0 | H116: 0 | I116: 0 | J116: =SUM(D116:I116) -> 0 | K116: =SUM(D116:H116) -> 0 | L116: =B116*K116 -> 0 | M116: JUN08/2015 | N116: JUN08/2016
A117: 150635 | B117: 45 | C117: =SUM(B117*5) -> 225 | D117: 0 | E117: 0 | F117: 0 | G117: 0 | H117: 1 | I117: 1 | J117: =SUM(D117:I117) -> 2 | K117: =SUM(D117:H117) -> 1 | L117: =B117*K117 -> 45 | M117: JUN10/2015 | N117: JUN10/2017
A118: 150636 | B118: 45 | C118: =SUM(B118*5) -> 225 | D118: 0 | E118: 0 | F118: 0 | G118: 0 | H118: 0 | I118: 0 | J118: =SUM(D118:I118) -> 0 | K118: =SUM(D118:H118) -> 0 | L118: =B118*K118 -> 0 | M118: JUN12/2015 | N118: JUN12/2017
A119: 150637 | B119: 45 | C119: =SUM(B119*5) -> 225 | D119: 0 | E119: 0 | F119: 0 | G119: 0 | H119: 0 | I119: 0 | J119: =SUM(D119:I119) -> 0 | K119: =SUM(D119:H119) -> 0 | L119: =B119*K119 -> 0 | M119: JUN14/2015 | N119: JUN14/2017
A120: 150638 | B120: 45 | C120: =SUM(B120*5) -> 225 | D120: 0 | E120: 0 | F120: 0 | G120: 0 | H120: 0 | I120: 0 | J120: =SUM(D120:I120) -> 0 | K120: =SUM(D120:H120) -> 0 | L120: =B120*K120 -> 0 | M120: JUN21/2015 | N120: JUN21/2017
A121: 150639 | B121: 60 | C121: =SUM(B121*5) -> 300 | D121: 0 | E121: 0 | F121: 0 | G121: 0 | H121: 0 | I121: 0 | J121: =SUM(D121:I121) -> 0 | K121: =SUM(D121:H121) -> 0 | L121: =B121*K121 -> 0 | M121: JUN23/2015 | N121: JUN23/2017
A122: 150640 | B122: 45 | C122: =SUM(B122*5) -> 225 | D122: 0 | E122: 0 | F122: 0 | G122: 0 | H122: 0 | I122: 0 | J122: =SUM(D122:I122) -> 0 | K122: =SUM(D122:H122) -> 0 | L122: =B122*K122 -> 0 | M122: JUN23/2015 | N122: JUN23/2017
A123: 150641 | B123: 45 | C123: =SUM(B123*5) -> 225 | D123: 0 | E123: 0 | F123: 0 | G123: 0 | H123: 0 | I123: 1 | J123: =SUM(D123:I123) -> 1 | K123: =SUM(D123:H123) -> 0 | L123: =B123*K123 -> 0 | M123: JUN23/2015 | N123: JUN23/2017
A124: 150642 | B124: 60 | C124: =SUM(B124*5) -> 300 | D124: 0 | E124: 0 | F124: 0 | G124: 0 | H124: 0 | I124: 0 | J124: =SUM(D124:I124) -> 0 | K124: =SUM(D124:H124) -> 0 | L124: =B124*K124 -> 0 | M124: JUN23/2015 | N124: JUN23/2017
A125: 150643 | B125: 45 | C125: =SUM(B125*5) -> 225 | D125: 0 | E125: 0 | F125: 0 | G125: 0 | H125: 0 | I125: 1 | J125: =SUM(D125:I125) -> 1 | K125: =SUM(D125:H125) -> 0 | L125: =B125*K125 -> 0 | M125: JUN28/2015 | N125: JUN28/2017
...

Sheet 2016
C1: Amount | L1: Amount | N1: UNCLAIMED
A2: Numbers | C2: sold | L2: Unclaimed | N2: Percentage
C3: =SUM(C6:C371) -> 84775 | L3: =SUM(L6:L371) -> 6530 | N3: =L3/C3 -> 0.077027426
A4: No | B4: Unit | C4: Sales | J4: Service(s) | K4: Value | L4: $ | M4: issued on | N4: expires at | O4: Customer | P4: Phone | Q4: e-mail
B5: Price | C5: Price | D5: (USED) | J5: left | K5: left | L5: left | O5: Name
A6: 150851 | B6: 60 | C6: =SUM(B6*5) -> 300 | D6: 0 | E6: 0 | F6: 1 | G6: 1 | H6: 1 | I6: 1 | J6: =SUM(D6:I6) -> 4 | K6: =SUM(D6:H6) -> 3 | L6: =B6*K6 -> 180 | M6: JAN08/2016 | N6: JAN08/2018 | O6: CANCELLED BY SELLING SUV, RE-ISSUED #160926 WASH ONLY
A7: 150852 | B7: 60 | C7: =SUM(B7*5) -> 300 | D7: 0 | E7: 0 | F7: 0 | G7: 0 | H7: 0 | I7: 0 | J7: =SUM(D7:I7) -> 0 | K7: =SUM(D7:H7) -> 0 | L7: =B7*K7 -> 0 | M7: ?? | N7: ??
A8: 150853 | B8: 45 | C8: =SUM(B8*5) -> 225 | D8: 0 | E8: 0 | F8: 0 | G8: 0 | H8: 0 | I8: 1 | J8: =SUM(D8:I8) -> 1 | K8: =SUM(D8:H8) -> 0 | L8: =B8*K8 -> 0 | M8: JAN 11/2016 | N8: JAN 11/2018
A9: 150854 | B9: 45 | C9: =SUM(B9*5) -> 225 | D9: 0 | E9: 0 | F9: 0 | G9: 0 | H9: 0 | I9: 0 | J9: =SUM(D9:I9) -> 0 | K9: =SUM(D9:H9) -> 0 | L9: =B9*K9 -> 0 | M9: JAN 11/2016 | N9: JAN 11/2018
A10: 150855 | B10: 50 | C10: =SUM(B10*5) -> 250 | D10: 0 | E10: 0 | F10: 0 | G10: 0 | H10: 0 | I10: 0 | J10: =SUM(D10:I10) -> 0 | K10: =SUM(D10:H10) -> 0 | L10: =B10*K10 -> 0 | M10: JAN 14/2016 | N10: JAN 14/2018 | O10: extended
A11: 150856 | B11: 45 | C11: =SUM(B11*5) -> 225 | D11: 0 | E11: 0 | F11: 0 | G11: 0 | H11: 0 | I11: 0 | J11: =SUM(D11:I11) -> 0 | K11: =SUM(D11:H11) -> 0 | L11: =B11*K11 -> 0 | M11: JAN 16/2016 | N11: JAN 16/2018
A12: 150857 | B12: 45 | C12: =SUM(B12*5) -> 225 | D12: 0 | E12: 0 | F12: 0 | G12: 0 | H12: 0 | I12: 0 | J12: =SUM(D12:I12) -> 0 | K12: =SUM(D12:H12) -> 0 | L12: =B12*K12 -> 0 | M12: JAN 16/2016 | N12: JAN 16/2018
A13: 150858 | B13: 60 | C13: =SUM(B13*5) -> 300 | D13: 0 | E13: 0 | F13: 0 | G13: 0 | H13: 0 | I13: 0 | J13: =SUM(D13:I13) -> 0 | K13: =SUM(D13:H13) -> 0 | L13: =B13*K13 -> 0 | M13: JAN 18/2016 | N13: JAN 18/2018
A14: 150859 | B14: 45 | C14: =SUM(B14*5) -> 225 | D14: 0 | E14: 0 | F14: 0 | G14: 0 | H14: 0 | I14: 0 | J14: =SUM(D14:I14) -> 0 | K14: =SUM(D14:H14) -> 0 | L14: =B14*K14 -> 0 | M14: JAN 20/2016 | N14: JAN 20/2018
A15: 150860 | C15: =SUM(B15*5) -> 0 | D15: 1 | E15: 1 | F15: 1 | G15: 1 | H15: 1 | I15: 1 | J15: =SUM(D15:I15) -> 6 | K15: =SUM(D15:H15) -> 5 | L15: =B15*K15 -> 0 | Q15: GA 지원
A16: 150861 | C16: =SUM(B16*5) -> 0 | D16: 1 | E16: 1 | F16: 1 | G16: 1 | H16: 1 | I16: 1 | J16: =SUM(D16:I16) -> 6 | K16: =SUM(D16:H16) -> 5 | L16: =B16*K16 -> 0 | Q16: GA 지원
A17: 150862 | C17: =SUM(B17*5) -> 0 | D17: 1 | E17: 1 | F17: 1 | G17: 1 | H17: 1 | I17: 1 | J17: =SUM(D17:I17) -> 6 | K17: =SUM(D17:H17) -> 5 | L17: =B17*K17 -> 0 | Q17: GA 지원
A18: 150863 | C18: =SUM(B18*5) -> 0 | D18: 0 | E18: 0 | F18: 0 | G18: 0 | H18: 0 | I18: 1 | J18: =SUM(D18:I18) -> 1 | K18: =SUM(D18:H18) -> 0 | L18: =B18*K18 -> 0 | Q18: GA 지원
A19: 150864 | C19: =SUM(B19*5) -> 0 | D19: 1 | E19: 1 | F19: 1 | G19: 1 | H19: 1 | I19: 1 | J19: =SUM(D19:I19) -> 6 | K19: =SUM(D19:H19) -> 5 | L19: =B19*K19 -> 0 | Q19: GA 지원
A20: 150865 | C20: =SUM(B20*5) -> 0 | D20: 1 | E20: 1 | F20: 1 | G20: 1 | H20: 1 | I20: 1 | J20: =SUM(D20:I20) -> 6 | K20: =SUM(D20:H20) -> 5 | L20: =B20*K20 -> 0 | Q20: GA 지원
A21: 150866 | C21: =SUM(B21*5) -> 0 | D21: 1 | E21: 1 | F21: 1 | G21: 1 | H21: 1 | I21: 1 | J21: =SUM(D21:I21) -> 6 | K21: =SUM(D21:H21) -> 5 | L21: =B21*K21 -> 0 | Q21: GA 지원
A22: 150867 | C22: =SUM(B22*5) -> 0 | D22: 1 | E22: 1 | F22: 1 | G22: 1 | H22: 1 | I22: 1 | J22: =SUM(D22:I22) -> 6 | K22: =SUM(D22:H22) -> 5 | L22: =B22*K22 -> 0 | Q22: GA 지원
A23: 150868 | C23: =SUM(B23*5) -> 0 | D23: 1 | E23: 1 | F23: 1 | G23: 1 | H23: 1 | I23: 1 | J23: =SUM(D23:I23) -> 6 | K23: =SUM(D23:H23) -> 5 | L23: =B23*K23 -> 0 | Q23: GA 지원
A24: 150869 | C24: =SUM(B24*5) -> 0 | D24: 1 | E24: 1 | F24: 1 | G24: 1 | H24: 1 | I24: 1 | J24: =SUM(D24:I24) -> 6 | K24: =SUM(D24:H24) -> 5 | L24: =B24*K24 -> 0 | Q24: GA 지원
A25: 160870 | B25: 45 | C25: =SUM(B25*5) -> 225 | D25: 0 | E25: 0 | F25: 0 | G25: 0 | H25: 0 | I25: 0 | J25: =SUM(D25:I25) -> 0 | K25: =SUM(D25:H25) -> 0 | L25: =B25*K25 -> 0 | M25: JAN 20/2016 | N25: JAN 20/2018
A26: 160871 | B26: 45 | C26: =SUM(B26*5) -> 225 | D26: 0 | E26: 0 | F26: 0 | G26: 0 | H26: 0 | I26: 0 | J26: =SUM(D26:I26) -> 0 | K26: =SUM(D26:H26) -> 0 | L26: =B26*K26 -> 0 | M26: JAN 20/2016 | N26: JAN 20/2018
A27: 160872 | B27: 35 | C27: =SUM(B27*5) -> 175 | D27: 0 | E27: 0 | F27: 0 | G27: 0 | H27: 0 | I27: 0 | J27: =SUM(D27:I27) -> 0 | K27: =SUM(D27:H27) -> 0 | L27: =B27*K27 -> 0 | M27: JAN 20/2016 | N27: JAN 20/2018
A28: 160873 | B28: 60 | C28: =SUM(B28*5) -> 300 | D28: 0 | E28: 0 | F28: 0 | G28: 0 | H28: 0 | I28: 0 | J28: =SUM(D28:I28) -> 0 | K28: =SUM(D28:H28) -> 0 | L28: =B28*K28 -> 0 | M28: JAN 23/2016 | N28: JAN 23/2018
A29: 160874 | B29: 45 | C29: =SUM(B29*5) -> 225 | D29: 0 | E29: 1 | F29: 1 | G29: 1 | H29: 1 | I29: 1 | J29: =SUM(D29:I29) -> 5 | K29: =SUM(D29:H29) -> 4 | L29: =B29*K29 -> 180 | M29: JAN 25/2016 | N29: JAN 25/2018
A30: 160875 | B30: 45 | C30: 225 | D30: 0 | E30: 0 | F30: 0 | G30: 0 | H30: 1 | I30: 1 | J30: =SUM(D30:I30) -> 2 | K30: =SUM(D30:H30) -> 1 | L30: =B30*K30 -> 45 | M30: JAN 25/2016 | N30: JAN 25/2018
A31: 160876 | B31: 60 | C31: =SUM(B31*5) -> 300 | D31: 0 | E31: 0 | F31: 0 | G31: 0 | H31: 0 | I31: 0 | J31: =SUM(D31:I31) -> 0 | K31: =SUM(D31:H31) -> 0 | L31: =B31*K31 -> 0 | M31: JAN 27/2016 | N31: JAN 27/2018
A32: 160877 | B32: 45 | C32: =SUM(B32*5) -> 225 | D32: 0 | E32: 0 | F32: 0 | G32: 0 | H32: 1 | I32: 1 | J32: =SUM(D32:I32) -> 2 | K32: =SUM(D32:H32) -> 1 | L32: =B32*K32 -> 45 | M32: JAN 27/2016 | N32: JAN 27/2018
A33: 160878 | B33: 45 | C33: =SUM(B33*5) -> 225 | D33: 0 | E33: 0 | F33: 1 | G33: 1 | H33: 1 | I33: 1 | J33: =SUM(D33:I33) -> 4 | K33: =SUM(D33:H33) -> 3 | L33: =B33*K33 -> 135 | M33: JAN 29/2016 | N33: JAN 29/2018
A34: 160879 | B34: 45 | C34: =SUM(B34*5) -> 225 | D34: 0 | E34: 0 | F34: 0 | G34: 0 | H34: 0 | I34: 0 | J34: =SUM(D34:I34) -> 0 | K34: =SUM(D34:H34) -> 0 | L34: =B34*K34 -> 0 | M34: JAN 30/2016 | N34: JAN 30/2018
A35: 160880 | B35: 50 | C35: =SUM(B35*5) -> 250 | D35: 0 | E35: 0 | F35: 0 | G35: 0 | H35: 0 | I35: 0 | J35: =SUM(D35:I35) -> 0 | K35: =SUM(D35:H35) -> 0 | L35: =B35*K35 -> 0 | M35: JAN 31/2016 | N35: JAN 31/2018
A36: 160881 | B36: 90 | C36: =SUM(B36*5) -> 450 | D36: 0 | E36: 0 | F36: 0 | G36: 0 | H36: 0 | I36: 0 | J36: =SUM(D36:I36) -> 0 | K36: =SUM(D36:H36) -> 0 | L36: =B36*K36 -> 0 | M36: JAN 31/2016 | N36: JAN 31/2018
A37: 160882 | B37: 60 | C37: =SUM(B37*5) -> 300 | D37: 0 | E37: 0 | F37: 0 | G37: 0 | H37: 0 | I37: 0 | J37: =SUM(D37:I37) -> 0 | K37: =SUM(D37:H37) -> 0 | L37: =B37*K37 -> 0 | M37: FEB 03/2016 | N37: FEB 03/2018
A38: 160883 | B38: 45 | C38: =SUM(B38*5) -> 225 | D38: 0 | E38: 0 | F38: 0 | G38: 0 | H38: 0 | I38: 0 | J38: =SUM(D38:I38) -> 0 | K38: =SUM(D38:H38) -> 0 | L38: =B38*K38 -> 0 | M38: FEB 06/2016 | N38: FEB 06/2018
A39: 160884 | B39: 60 | C39: =SUM(B39*5) -> 300 | D39: 0 | E39: 0 | F39: 0 | G39: 0 | H39: 0 | I39: 0 | J39: =SUM(D39:I39) -> 0 | K39: =SUM(D39:H39) -> 0 | L39: =B39*K39 -> 0 | M39: FEB 06/2016 | N39: FEB 06/2018
A40: 160885 | C40: =SUM(B40*5) -> 0 | D40: 0 | J40: =SUM(D40:I40) -> 0 | K40: =SUM(D40:H40) -> 0 | L40: =B40*K40 -> 0 | M40: FEB 06/2016 | N40: FEB 06/2018 | O40: detail complaint compliment
A41: 160886 | B41: 60 | C41: =SUM(B41*5) -> 300 | D41: 0 | E41: 0 | F41: 0 | G41: 0 | H41: 0 | I41: 0 | J41: =SUM(D41:I41) -> 0 | K41: =SUM(D41:H41) -> 0 | L41: =B41*K41 -> 0 | M41: FEB 06/2016 | N41: FEB 06/2018
A42: 160887 | B42: 45 | C42: =SUM(B42*5) -> 225 | D42: 0 | E42: 0 | F42: 0 | G42: 0 | H42: 0 | I42: 0 | J42: =SUM(D42:I42) -> 0 | K42: =SUM(D42:H42) -> 0 | L42: =B42*K42 -> 0 | M42: FEB 06/2016 | N42: FEB 06/2018
A43: 160888 | B43: 50 | C43: =SUM(B43*5) -> 250 | D43: 0 | E43: 0 | F43: 0 | G43: 0 | H43: 0 | I43: 0 | J43: =SUM(D43:I43) -> 0 | K43: =SUM(D43:H43) -> 0 | L43: =B43*K43 -> 0 | M43: FEB 07/2016 | N43: FEB 07/2018
A44: 160889 | B44: 60 | C44: =SUM(B44*5) -> 300 | D44: 0 | E44: 0 | F44: 0 | G44: 0 | H44: 0 | I44: 0 | J44: =SUM(D44:I44) -> 0 | K44: =SUM(D44:H44) -> 0 | L44: =B44*K44 -> 0 | M44: FEB 07/2016 | N44: FEB 07/2018
A45: 160890 | B45: 60 | C45: =SUM(B45*5) -> 300 | D45: 0 | E45: 0 | F45: 0 | G45: 0 | H45: 0 | I45: 0 | J45: =SUM(D45:I45) -> 0 | K45: =SUM(D45:H45) -> 0 | L45: =B45*K45 -> 0 | M45: FEB 08/2016 | N45: FEB 08/2018
A46: 160891 | B46: 45 | C46: =SUM(B46*5) -> 225 | D46: 0 | E46: 0 | F46: 0 | G46: 0 | H46: 0 | I46: 0 | J46: =SUM(D46:I46) -> 0 | K46: =SUM(D46:H46) -> 0 | L46: =B46*K46 -> 0 | M46: FEB 08/2016 | N46: FEB 08/2018
A47: 160892 | B47: 45 | C47: =SUM(B47*5) -> 225 | D47: 0 | E47: 0 | F47: 0 | G47: 0 | H47: 1 | I47: 1 | J47: =SUM(D47:I47) -> 2 | K47: =SUM(D47:H47) -> 1 | L47: =B47*K47 -> 45 | M47: FEB 09/2016 | N47: FEB 09/2018
A48: 160893 | B48: 50 | C48: =SUM(B48*5) -> 250 | D48: 0 | E48: 0 | F48: 0 | G48: 0 | H48: 0 | I48: 0 | J48: =SUM(D48:I48) -> 0 | K48: =SUM(D48:H48) -> 0 | L48: =B48*K48 -> 0 | M48: FEB 11/2016 | N48: FEB 11/2018
A49: 160894 | B49: 45 | C49: =SUM(B49*5) -> 225 | D49: 0 | E49: 0 | F49: 0 | G49: 0 | H49: 0 | I49: 1 | J49: =SUM(D49:I49) -> 1 | K49: =SUM(D49:H49) -> 0 | L49: =B49*K49 -> 0 | M49: FEB 11/2016 | N49: FEB 11/2018
A50: 160895 | B50: 50 | C50: =SUM(B50*5) -> 250 | D50: 0 | E50: 0 | F50: 0 | G50: 0 | H50: 1 | I50: 1 | J50: =SUM(D50:I50) -> 2 | K50: =SUM(D50:H50) -> 1 | L50: =B50*K50 -> 50 | M50: FEB 12/2016 | N50: FEB 12/2018
A51: 160896 | B51: 45 | C51: =SUM(B51*5) -> 225 | D51: 0 | E51: 0 | F51: 0 | G51: 0 | H51: 0 | I51: 1 | J51: =SUM(D51:I51) -> 1 | K51: =SUM(D51:H51) -> 0 | L51: =B51*K51 -> 0 | M51: FEB 13/2016 | N51: FEB 13/2018
A52: 160897 | B52: 60 | C52: =SUM(B52*5) -> 300 | D52: 0 | E52: 0 | F52: 0 | G52: 0 | H52: 0 | I52: 0 | J52: =SUM(D52:I52) -> 0 | K52: =SUM(D52:H52) -> 0 | L52: =B52*K52 -> 0 | M52: FEB 14/2016 | N52: FEB 14/2018
A53: 160898 | B53: 35 | C53: =B53*10 -> 350 | D53: 0 | E53: 0 | F53: 0 | G53: 0 | H53: 0 | I53: 0 | J53: =SUM(D53:I54) -> 6 | K53: =J53-2 -> 4 | L53: =B53*K53 -> 140 | M53: FEB 15/2016 | N53: FEB 15/2018
D54: 1 | E54: 1 | F54: 1 | G54: 1 | H54: 1 | I54: 1
A55: 160899 | B55: 100 | C55: =SUM(B55*5) -> 500 | D55: 0 | E55: 0 | F55: 1 | G55: 1 | H55: 1 | I55: 1 | J55: =SUM(D55:I55) -> 4 | K55: =SUM(D55:H55) -> 3 | L55: =B55*K55 -> 300 | M55: FEB 17/2016 | N55: FEB 17/2018
A56: 160900 | B56: 45 | C56: =SUM(B56*5) -> 225 | D56: 0 | E56: 0 | F56: 0 | G56: 0 | H56: 0 | I56: 0 | J56: =SUM(D56:I56) -> 0 | K56: =SUM(D56:H56) -> 0 | L56: =B56*K56 -> 0 | M56: FEB 17/2016 | N56: FEB 17/2018
A57: 160901 | B57: 60 | C57: =SUM(B57*5) -> 300 | D57: 0 | E57: 0 | F57: 0 | G57: 0 | H57: 0 | I57: 0 | J57: =SUM(D57:I57) -> 0 | K57: =SUM(D57:H57) -> 0 | L57: =B57*K57 -> 0 | M57: FEB 20/2016 | N57: FEB 20/2018
A58: 160902 | B58: 60 | C58: =SUM(B58*5) -> 300 | D58: 0 | E58: 0 | F58: 0 | G58: 0 | H58: 0 | I58: 0 | J58: =SUM(D58:I58) -> 0 | K58: =SUM(D58:H58) -> 0 | L58: =B58*K58 -> 0 | M58: FEB 20/2016 | N58: FEB 20/2018
A59: 160903 | B59: 45 | C59: =SUM(B59*5) -> 225 | D59: 0 | E59: 0 | F59: 0 | G59: 0 | H59: 0 | I59: 0 | J59: =SUM(D59:I59) -> 0 | K59: =SUM(D59:H59) -> 0 | L59: =B59*K59 -> 0 | M59: FEB 21/2016 | N59: FEB 21/2018
A60: 160904 | B60: 45 | C60: =SUM(B60*5) -> 225 | D60: 0 | E60: 0 | F60: 0 | G60: 0 | H60: 0 | I60: 0 | J60: =SUM(D60:I60) -> 0 | K60: =SUM(D60:H60) -> 0 | L60: =B60*K60 -> 0 | M60: FEB 22/2016 | N60: FEB 22/2018
A61: 160905 | B61: 45 | C61: =SUM(B61*5) -> 225 | D61: 0 | E61: 0 | F61: 0 | G61: 0 | H61: 0 | I61: 0 | J61: =SUM(D61:I61) -> 0 | K61: =SUM(D61:H61) -> 0 | L61: =B61*K61 -> 0 | M61: FEB 24/2016 | N61: FEB 24/2016
A62: 160906 | B62: 0 | C62: =SUM(B62*5) -> 0 | D62: 0 | E62: 0 | F62: 0 | G62: 0 | H62: 0 | I62: 0 | J62: =SUM(D62:I62) -> 0 | K62: =SUM(D62:H62) -> 0 | L62: =B62*K62 -> 0 | M62: COMP FOR COMPLAINT
A63: 160907 | B63: 60 | C63: =SUM(B63*5) -> 300 | D63: 0 | E63: 0 | F63: 0 | G63: 0 | H63: 0 | I63: 0 | J63: =SUM(D63:I63) -> 0 | K63: =SUM(D63:H63) -> 0 | L63: =B63*K63 -> 0 | M63: FEB 27/2016 | N63: FEB 27/2018
A64: 160908 | B64: 60 | C64: =SUM(B64*5) -> 300 | D64: 0 | E64: 0 | F64: 0 | G64: 0 | H64: 0 | I64: 0 | J64: =SUM(D64:I64) -> 0 | K64: =SUM(D64:H64) -> 0 | L64: =B64*K64 -> 0 | M64: FEB 27/2016 | N64: FEB 27/2018
A65: 160909 | B65: 45 | C65: =SUM(B65*5) -> 225 | D65: 0 | E65: 0 | F65: 0 | G65: 0 | H65: 0 | I65: 0 | J65: =SUM(D65:I65) -> 0 | K65: =SUM(D65:H65) -> 0 | L65: =B65*K65 -> 0 | M65: FEB 27/2016 | N65: FEB 27/2018
A66: 160910 | B66: 45 | C66: =SUM(B66*5) -> 225 | D66: 0 | E66: 0 | F66: 0 | G66: 0 | H66: 0 | I66: 0 | J66: =SUM(D66:I66) -> 0 | K66: =SUM(D66:H66) -> 0 | L66: =B66*K66 -> 0 | M66: FEB 29/2016 | N66: FEB 29/2018
A67: 160911 | B67: 45 | C67: =SUM(B67*5) -> 225 | D67: 0 | E67: 0 | F67: 0 | G67: 0 | H67: 0 | I67: 0 | J67: =SUM(D67:I67) -> 0 | K67: =SUM(D67:H67) -> 0 | L67: =B67*K67 -> 0 | M67: FEB 29/2016 | N67: FEB 29/2018
A68: 160912 | B68: 60 | C68: =SUM(B68*5) -> 300 | D68: 0 | E68: 0 | F68: 0 | G68: 0 | H68: 0 | I68: 1 | J68: =SUM(D68:I68) -> 1 | K68: =SUM(D68:H68) -> 0 | L68: =B68*K68 -> 0 | M68: MAR 01/2016 | N68: MAR 01/2018
A69: 160913 | B69: 45 | C69: =SUM(B69*5) -> 225 | D69: 0 | E69: 0 | F69: 0 | G69: 0 | H69: 0 | I69: 1 | J69: =SUM(D69:I69) -> 1 | K69: =SUM(D69:H69) -> 0 | L69: =B69*K69 -> 0 | M69: MAR 01/2016 | N69: MAR 01/2018
A70: 160914 | B70: 60 | C70: =SUM(B70*5) -> 300 | D70: 0 | E70: 0 | F70: 0 | G70: 0 | H70: 0 | I70: 0 | J70: =SUM(D70:I70) -> 0 | K70: =SUM(D70:H70) -> 0 | L70: =B70*K70 -> 0 | M70: MAR 03/2016 | N70: MAR 03/2018
A71: 160915 | B71: 45 | C71: =SUM(B71*5) -> 225 | D71: 0 | E71: 0 | F71: 0 | G71: 0 | H71: 0 | I71: 0 | J71: =SUM(D71:I71) -> 0 | K71: =SUM(D71:H71) -> 0 | L71: =B71*K71 -> 0 | M71: MAR 03/2016 | N71: MAR 03/2018
A72: 160916 | B72: 45 | C72: =SUM(B72*5) -> 225 | D72: 0 | E72: 0 | F72: 0 | G72: 0 | H72: 0 | I72: 0 | J72: =SUM(D72:I72) -> 0 | K72: =SUM(D72:H72) -> 0 | L72: =B72*K72 -> 0 | M72: MAR 04/2016 | N72: MAR 05/2018
A73: 160917 | B73: 50 | C73: =SUM(B73*5) -> 250 | D73: 0 | E73: 0 | F73: 0 | G73: 0 | H73: 0 | I73: 1 | J73: =SUM(D73:I73) -> 1 | K73: =SUM(D73:H73) -> 0 | L73: =B73*K73 -> 0 | M73: MAR 05/2016 | N73: MAR 05/2018
A74: 160918 | B74: 50 | C74: =SUM(B74*5) -> 250 | D74: 0 | E74: 0 | F74: 0 | G74: 0 | H74: 0 | I74: 1 | J74: =SUM(D74:I74) -> 1 | K74: =SUM(D74:H74) -> 0 | L74: =B74*K74 -> 0 | M74: MAR 05/2016 | N74: MAR 05/2018
... A81: 160925 | B81: 60 | C81: =SUM(B81*5) -> 300 | D81: 0 | E81: 0 | F81: 0 | G81: 0 | H81: 0 | I81: 0 | J81: =SUM(D81:I81) -> 0 | K81: =SUM(D81:H81) -> 0 | L81: =B81*K81 -> 0 | M81: MAR 09/2016 | N81: MAR 09/2018
A82: 160926 | B82: 0 | C82: =SUM(B82*5) -> 0 | D82: 1 | E82: 1 | F82: 1 | G82: 1 | H82: 1 | I82: 1 | J82: =SUM(D82:I82) -> 6 | K82: =SUM(D82:H82) -> 5 | L82: =B82*K82 -> 0 | M82: MAR 11/2016 | N82: MAR 11/2018 | O82: WASH | P82: EXTRA ONE MORE | R82: UPDATE FROM #150851 BY SELLING suv
A83: 160927 | B83: 60 | C83: =B83*1 -> 60 | D83: 1 | J83: =SUM(D83:I83) -> 1 | K83: =SUM(D83:H83) -> 1 | L83: =B83*K83 -> 60 | M83: MAR 12/2016 | N83: MAR 12/2018 | O83: PHONE AUTH ONE TIME
A84: 160928 | B84: 45 | C84: =SUM(B84*5) -> 225 | D84: 0 | E84: 0 | F84: 1 | G84: 1 | H84: 1 | I84: 1 | J84: =SUM(D84:I84) -> 4 | K84: =SUM(D84:H84) -> 3 | L84: =B84*K84 -> 135 | M84: MAR 12/2016 | N84: MAR 12/2018
A85: 160929 | B85: 45 | C85: =SUM(B85*5) -> 225 | D85: 0 | E85: 0 | F85: 0 | G85: 0 | H85: 0 | I85: 0 | J85: =SUM(D85:I85) -> 0 | K85: =SUM(D85:H85) -> 0 | L85: =B85*K85 -> 0 | M85: MAR 12/2016 | N85: MAR 12/2018
A86: 160930 | B86: 45 | C86: =SUM(B86*5) -> 225 | D86: 0 | E86: 0 | F86: 0 | G86: 0 | H86: 0 | I86: 1 | J86: =SUM(D86:I86) -> 1 | K86: =SUM(D86:H86) -> 0 | L86: =B86*K86 -> 0 | M86: MAR 12/2016 | N86: MAR 12/2018
A87: 160931 | B87: 45 | C87: =SUM(B87*5) -> 225 | D87: 0 | E87: 0 | F87: 0 | G87: 0 | H87: 0 | I87: 0 | J87: =SUM(D87:I87) -> 0 | K87: =SUM(D87:H87) -> 0 | L87: =B87*K87 -> 0 | M87: MAR 12/2016 | N87: MAR 12/2018
A88: 160932 | B88: 60 | C88: =SUM(B88*5) -> 300 | D88: 0 | E88: 0 | F88: 0 | G88: 0 | H88: 0 | I88: 1 | J88: =SUM(D88:I88) -> 1 | K88: =SUM(D88:H88) -> 0 | L88: =B88*K88 -> 0 | M88: MAR 13/2016 | N88: MAR 13/2018
A89: 160933 | B89: 60 | C89: =SUM(B89*5) -> 300 | D89: 0 | E89: 1 | F89: 1 | G89: 1 | H89: 1 | I89: 1 | J89: =SUM(D89:I89) -> 5 | K89: =SUM(D89:H89) -> 4 | L89: =B89*K89 -> 240 | M89: MAR 12/2016 | N89: MAR 12/2018
A90: 160934 | B90: 45 | C90: =SUM(B90*5) -> 225 | D90: 0 | E90: 0 | F90: 0 | G90: 0 | H90: 0 | I90: 0 | J90: =SUM(D90:I90) -> 0 | K90: =SUM(D90:H90) -> 0 | L90: =B90*K90 -> 0 | M90: MAR 14/2016 | N90: MAR 14/2018
A91: 160935 | B91: 60 | C91: =SUM(B91*5) -> 300 | D91: 0 | E91: 0 | F91: 0 | G91: 0 | H91: 0 | I91: 1 | J91: =SUM(D91:I91) -> 1 | K91: =SUM(D91:H91) -> 0 | L91: =B91*K91 -> 0 | M91: MAR 15/2016 | N91: MAR 15/2018
A92: 160936 | B92: 45 | C92: =SUM(B92*5) -> 225 | D92: 0 | E92: 0 | F92: 0 | G92: 0 | H92: 0 | I92: 0 | J92: =SUM(D92:I92) -> 0 | K92: =SUM(D92:H92) -> 0 | L92: =B92*K92 -> 0 | M92: MAR 20/2016 | N92: MAR 20/2018
A93: 160937 | B93: 60 | C93: =SUM(B93*5) -> 300 | D93: 0 | E93: 0 | F93: 0 | G93: 0 | H93: 0 | I93: 1 | J93: =SUM(D93:I93) -> 1 | K93: =SUM(D93:H93) -> 0 | L93: =B93*K93 -> 0 | M93: MAR 20/2016 | N93: MAR 20/2018
A94: 160938 | B94: 45 | C94: =SUM(B94*5) -> 225 | D94: 0 | E94: 0 | F94: 0 | G94: 0 | H94: 0 | I94: 1 | J94: =SUM(D94:I94) -> 1 | K94: =SUM(D94:H94) -> 0 | L94: =B94*K94 -> 0 | M94: MAR 24/2016 | N94: MAR 24/2018
A95: 160939 | B95: 50 | C95: =SUM(B95*5) -> 250 | D95: 0 | E95: 0 | F95: 0 | G95: 0 | H95: 0 | I95: 0 | J95: =SUM(D95:I95) -> 0 | K95: =SUM(D95:H95) -> 0 | L95: =B95*K95 -> 0 | M95: MAR 24/2016 | N95: MAR 24/2018 | O95: EXTENDED 24/03/2019
A96: 160940 | B96: 60 | C96: =SUM(B96*5) -> 300 | D96: 0 | E96: 0 | F96: 0 | G96: 0 | H96: 0 | I96: 0 | J96: =SUM(D96:I96) -> 0 | K96: =SUM(D96:H96) -> 0 | L96: =B96*K96 -> 0 | M96: MAR 30/2016 | N96: MAR 30/2018
A97: 160941 | B97: 45 | C97: =SUM(B97*5) -> 225 | D97: 0 | E97: 0 | F97: 0 | G97: 0 | H97: 0 | I97: 0 | J97: =SUM(D97:I97) -> 0 | K97: =SUM(D97:H97) -> 0 | L97: =B97*K97 -> 0 | M97: MAR 30/2016 | N97: MAR 30/2018
A98: 160942 | B98: 45 | C98: =SUM(B98*5) -> 225 | D98: 0 | E98: 0 | F98: 0 | G98: 0 | H98: 0 | I98: 0 | J98: =SUM(D98:I98) -> 0 | K98: =SUM(D98:H98) -> 0 | L98: =B98*K98 -> 0 | M98: MAR 30/2016 | N98: MAR 30/2018
A99: 160943 | B99: 45 | C99: =SUM(B99*5) -> 225 | D99: 0 | E99: 0 | F99: 0 | G99: 0 | H99: 0 | I99: 0 | J99: =SUM(D99:I99) -> 0 | K99: =SUM(D99:H99) -> 0 | L99: =B99*K99 -> 0 | M99: MAR 31/2016 | N99: MAR 31/2018
A100: 160944 | B100: 50 | C100: =SUM(B100*5) -> 250 | D100: 0 | E100: 0 | F100: 0 | G100: 0 | H100: 0 | I100: 0 | J100: =SUM(D100:I100) -> 0 | K100: =SUM(D100:H100) -> 0 | L100: =B100*K100 -> 0 | M100: MAR 31/2016 | N100: MAR 31/2018
A101: 160945 | B101: 45 | C101: =SUM(B101*5) -> 225 | D101: 0 | E101: 0 | F101: 0 | G101: 0 | H101: 0 | I101: 0 | J101: =SUM(D101:I101) -> 0 | K101: =SUM(D101:H101) -> 0 | L101: =B101*K101 -> 0 | M101: MAR 31/2016 | N101: MAR 31/2018
A102: 160946 | B102: 50 | C102: =SUM(B102*5) -> 250 | D102: 0 | E102: 0 | F102: 0 | G102: 0 | H102: 0 | I102: 0 | J102: =SUM(D102:I102) -> 0 | K102: =SUM(D102:H102) -> 0 | L102: =B102*K102 -> 0 | M102: APR 01/2016 | N102: APR 01/2018
A103: 160947 | B103: 60 | C103: =SUM(B103*5) -> 300 | D103: 0 | E103: 0 | F103: 0 | G103: 0 | H103: 0 | I103: 1 | J103: =SUM(D103:I103) -> 1 | K103: =SUM(D103:H103) -> 0 | L103: =B103*K103 -> 0 | M103: APR 01/2016 | N103: APR 01/2018
A104: 160948 | B104: 60 | C104: 300 | D104: 0 | E104: 0 | F104: 0 | G104: 0 | H104: 0 | I104: 0 | J104: =SUM(D104:I104) -> 0 | K104: =SUM(D104:H104) -> 0 | L104: =B104*K104 -> 0 | M104: APR 27/2016 | N104: APR 27/2018
A105: 160949 | B105: 60 | C105: =SUM(B105*5) -> 300 | D105: 0 | E105: 0 | F105: 0 | G105: 0 | H105: 0 | I105: 0 | J105: =SUM(D105:I105) -> 0 | K105: =SUM(D105:H105) -> 0 | L105: =B105*K105 -> 0 | M105: APR 02/2016 | N105: APR 02/2018
A106: 160950 | C106: =SUM(B106*5) -> 0 | D106: 1 | E106: 1 | F106: 1 | G106: 1 | H106: 1 | I106: 1 | J106: =SUM(D106:I106) -> 6 | K106: =SUM(D106:H106) -> 5 | L106: =B106*K106 -> 0 | Q106: GA 지원
...

Sheet 2017
C1: Amount | L1: Amount | N1: UNCLAIMED
A2: Numbers | C2: sold | L2: Unclaimed | N2: Percentage
C3: =SUM(C6:C420) -> 102835 | L3: =SUM(L6:L420) -> 7130 | N3: =L3/C3 -> 0.069334371
A4: No | B4: Unit | C4: Sales | J4: Service(s) | K4: Value | L4: $ | M4: issued on | N4: expires at | O4: Customer | P4: Phone | Q4: e-mail
B5: Price | C5: Price | D5: (USED) | J5: left | K5: left | L5: left | O5: Name
A6: 161215 | B6: 50 | C6: =SUM(B6*5) -> 250 | D6: 0 | E6: 0 | F6: 0 | G6: 0 | H6: 0 | I6: 0 | J6: =SUM(D6:I6) -> 0 | K6: =SUM(D6:H6) -> 0 | L6: =B6*K6 -> 0 | M6: JAN 02/2017 | N6: JAN 02/2019
A7: 161216 | B7: 45 | C7: =SUM(B7*5) -> 225 | D7: 0 | E7: 0 | F7: 0 | G7: 0 | H7: 0 | I7: 0 | J7: =SUM(D7:I7) -> 0 | K7: =SUM(D7:H7) -> 0 | L7: =B7*K7 -> 0 | M7: JAN 02/2017 | N7: JAN 02/2019
A8: 161217 | B8: 45 | C8: =SUM(B8*5) -> 225 | D8: 0 | E8: 0 | F8: 0 | G8: 1 | H8: 1 | I8: 1 | J8: =SUM(D8:I8) -> 3 | K8: =SUM(D8:H8) -> 2 | L8: =B8*K8 -> 90 | M8: JAN 04/2017 | N8: JAN 04/2019 | P8: RETURNED
A9: 161218 | B9: 45 | C9: =SUM(B9*5) -> 225 | D9: 0 | E9: 0 | F9: 0 | G9: 0 | H9: 0 | I9: 0 | J9: =SUM(D9:I9) -> 0 | K9: =SUM(D9:H9) -> 0 | L9: =B9*K9 -> 0 | M9: JAN 07/2017 | N9: JAN 07/2019
A10: 161219 | B10: 60 | C10: =SUM(B10*5) -> 300 | D10: 0 | E10: 0 | F10: 0 | G10: 0 | H10: 0 | I10: 0 | J10: =SUM(D10:I10) -> 0 | K10: =SUM(D10:H10) -> 0 | L10: =B10*K10 -> 0 | M10: JAN 08/2017 | N10: JAN 08/2019
A11: 161220 | B11: 45 | C11: =SUM(B11*5) -> 225 | D11: 0 | E11: 0 | F11: 0 | G11: 0 | H11: 0 | I11: 1 | J11: =SUM(D11:I11) -> 1 | K11: =SUM(D11:H11) -> 0 | L11: =B11*K11 -> 0 | M11: JAN 09/2017 | N11: JAN 09/2019
A12: 161221 | B12: 60 | C12: =SUM(B12*5) -> 300 | D12: 0 | E12: 0 | F12: 0 | G12: 0 | H12: 0 | I12: 1 | J12: =SUM(D12:I12) -> 1 | K12: =SUM(D12:H12) -> 0 | L12: =B12*K12 -> 0 | M12: JAN 09/2017 | N12: JAN 09/2019
A13: 161222 | B13: 45 | C13: =SUM(B13*5) -> 225 | D13: 0 | E13: 0 | F13: 0 | G13: 0 | H13: 0 | I13: 1 | J13: =SUM(D13:I13) -> 1 | K13: =SUM(D13:H13) -> 0 | L13: =B13*K13 -> 0 | M13: JAN 10/2017 | N13: JAN 10/2019
A14: 161223 | B14: 60 | C14: =SUM(B14*5) -> 300 | D14: 0 | E14: 0 | F14: 0 | G14: 0 | H14: 0 | I14: 0 | J14: =SUM(D14:I14) -> 0 | K14: =SUM(D14:H14) -> 0 | L14: =B14*K14 -> 0 | M14: JAN 10/2017 | N14: JAN 10/2019
A15: 161224 | B15: 45 | C15: =SUM(B15*5) -> 225 | D15: 0 | E15: 0 | F15: 0 | G15: 0 | H15: 0 | I15: 0 | J15: =SUM(D15:I15) -> 0 | K15: =SUM(D15:H15) -> 0 | L15: =B15*K15 -> 0 | M15: JAN 11/2017 | N15: JAN 11/2019
A16: 161225 | B16: 60 | C16: =SUM(B16*5) -> 300 | D16: 0 | E16: 0 | F16: 0 | G16: 0 | H16: 0 | I16: 0 | J16: =SUM(D16:I16) -> 0 | K16: =SUM(D16:H16) -> 0 | L16: =B16*K16 -> 0 | M16: JAN 11/2017 | N16: JAN 11/2019
A17: 161226 | B17: 60 | C17: =SUM(B17*5) -> 300 | D17: 0 | E17: 0 | F17: 0 | G17: 0 | H17: 1 | I17: 1 | J17: =SUM(D17:I17) -> 2 | K17: =SUM(D17:H17) -> 1 | L17: =B17*K17 -> 60 | M17: JAN 12/2017 | N17: JAN 12/2019
A18: 161227 | B18: 50 | C18: =SUM(B18*5) -> 250 | D18: 0 | E18: 0 | F18: 0 | G18: 0 | H18: 0 | I18: 0 | J18: =SUM(D18:I18) -> 0 | K18: =SUM(D18:H18) -> 0 | L18: =B18*K18 -> 0 | M18: JAN 12/2017 | N18: JAN 12/2019
A19: 161228 | B19: 45 | C19: =SUM(B19*5) -> 225 | D19: 0 | E19: 0 | F19: 0 | G19: 0 | H19: 0 | I19: 0 | J19: =SUM(D19:I19) -> 0 | K19: =SUM(D19:H19) -> 0 | L19: =B19*K19 -> 0 | M19: JAN 13/2017 | N19: JAN 13/2019
A20: 161229 | B20: 45 | C20: =SUM(B20*5) -> 225 | D20: 0 | E20: 0 | F20: 0 | G20: 0 | H20: 0 | I20: 0 | J20: =SUM(D20:I20) -> 0 | K20: =SUM(D20:H20) -> 0 | L20: =B20*K20 -> 0 | M20: JAN 16/2017 | N20: JAN 15/2019
A21: 171230 | B21: 0 | C21: =SUM(B21*5) -> 0 | D21: 0 | J21: =SUM(D21:I21) -> 0 | K21: =SUM(D21:H21) -> 0 | L21: =B21*K21 -> 0 | M21: JAN 15 2017 | N21: JUL 15 2017 | O21: NATHAN | P21: 0461 360 320 | R21: COMP DLX ONCE
A22: 171231 | B22: 50 | C22: =SUM(B22*5) -> 250 | D22: 0 | E22: 0 | F22: 0 | G22: 0 | H22: 0 | I22: 0 | J22: =SUM(D22:I22) -> 0 | K22: =SUM(D22:H22) -> 0 | L22: =B22*K22 -> 0 | M22: JAN 16 2017 | N22: JAN 16 2019
A23: 171232 | B23: 60 | C23: =SUM(B23*5) -> 300 | D23: 0 | E23: 0 | F23: 0 | G23: 0 | H23: 0 | I23: 0 | J23: =SUM(D23:I23) -> 0 | K23: =SUM(D23:H23) -> 0 | L23: =B23*K23 -> 0 | M23: JAN 16 2017 | N23: JAN 16 2019
A24: 171233 | B24: 60 | C24: =SUM(B24*5) -> 300 | D24: 0 | E24: 0 | F24: 0 | G24: 0 | H24: 0 | I24: 0 | J24: =SUM(D24:I24) -> 0 | K24: =SUM(D24:H24) -> 0 | L24: =B24*K24 -> 0 | M24: JAN 18 2017 | N24: JAN 18 2019
A25: 171234 | B25: 60 | C25: =SUM(B25*5) -> 300 | D25: 0 | E25: 0 | F25: 0 | G25: 0 | H25: 0 | I25: 0 | J25: =SUM(D25:I25) -> 0 | K25: =SUM(D25:H25) -> 0 | L25: =B25*K25 -> 0 | M25: JAN 19 2017 | N25: JAN 19 2019
A26: 171235 | B26: 45 | C26: =SUM(B26*5) -> 225 | D26: 0 | E26: 0 | F26: 0 | G26: 0 | H26: 0 | I26: 0 | J26: =SUM(D26:I26) -> 0 | K26: =SUM(D26:H26) -> 0 | L26: =B26*K26 -> 0 | M26: JAN 21 2017 | N26: JAN 21 2019
A27: 171236 | B27: 45 | C27: =SUM(B27*5) -> 225 | D27: 0 | E27: 0 | F27: 0 | G27: 0 | H27: 0 | I27: 0 | J27: =SUM(D27:I27) -> 0 | K27: =SUM(D27:H27) -> 0 | L27: =B27*K27 -> 0 | M27: JAN 21 2017 | N27: JAN 21 2019
A28: 171237 | B28: 45 | C28: =SUM(B28*5) -> 225 | D28: 0 | E28: 0 | F28: 0 | G28: 0 | H28: 0 | I28: 0 | J28: =SUM(D28:I28) -> 0 | K28: =SUM(D28:H28) -> 0 | L28: =B28*K28 -> 0 | M28: JAN 22 2017 | N28: JAN 22 2019
A29: 171238 | B29: 60 | C29: =SUM(B29*5) -> 300 | D29: 0 | E29: 0 | F29: 0 | G29: 0 | H29: 0 | I29: 0 | J29: =SUM(D29:I29) -> 0 | K29: =SUM(D29:H29) -> 0 | L29: =B29*K29 -> 0 | M29: JAN 22 2017 | N29: JAN 22 2019
A30: 171239 | B30: 45 | C30: =SUM(B30*5) -> 225 | D30: 1 | E30: 1 | F30: 1 | G30: 1 | H30: 1 | I30: 1 | J30: =SUM(D30:I30) -> 6 | K30: =SUM(D30:H30) -> 5 | L30: =B30*K30 -> 225 | M30: JAN 22 2017 | N30: JAN 22 2019
A31: 171240 | B31: 45 | C31: =SUM(B31*5) -> 225 | D31: 0 | E31: 0 | F31: 0 | G31: 0 | H31: 0 | I31: 0 | J31: =SUM(D31:I31) -> 0 | K31: =SUM(D31:H31) -> 0 | L31: =B31*K31 -> 0 | M31: JAN 22 2017 | N31: JAN 22 2019
A32: 171241 | B32: 60 | C32: =SUM(B32*5) -> 300 | D32: 0 | E32: 0 | F32: 0 | G32: 0 | H32: 0 | I32: 0 | J32: =SUM(D32:I32) -> 0 | K32: =SUM(D32:H32) -> 0 | L32: =B32*K32 -> 0 | M32: JAN 24 2017 | N32: JAN 24 2019
A33: 171242 | B33: 45 | C33: =SUM(B33*5) -> 225 | D33: 0 | E33: 0 | F33: 0 | G33: 0 | H33: 0 | I33: 0 | J33: =SUM(D33:I33) -> 0 | K33: =SUM(D33:H33) -> 0 | L33: =B33*K33 -> 0 | M33: JAN 24 2017 | N33: JAN 24 2019
... A37: 171246 | B37: 45 | C37: =SUM(B37*5) -> 225 | D37: 0 | E37: 0 | F37: 0 | G37: 0 | H37: 0 | I37: 0 | J37: =SUM(D37:I37) -> 0 | K37: =SUM(D37:H37) -> 0 | L37: =B37*K37 -> 0 | M37: JAN 27 2017 | N37: JAN 27 2019
A38: 171247 | B38: 0 | C38: =SUM(B38*5) -> 0 | D38: 1 | J38: =SUM(D38:I38) -> 1 | K38: =SUM(D38:H38) -> 1 | L38: =B38*K38 -> 0 | M38: JAN 27 2017 | N38: JAN 27 2019 | O38: Customer will pay $70 issude by Kevin
A39: 171248 | B39: 60 | C39: =SUM(B39*5) -> 300 | D39: 0 | E39: 0 | F39: 0 | G39: 0 | H39: 0 | I39: 0 | J39: =SUM(D39:I39) -> 0 | K39: =SUM(D39:H39) -> 0 | L39: =B39*K39 -> 0 | M39: JAN 28 2017 | N39: JAN 28 2019
A40: 171249 | B40: 45 | C40: =SUM(B40*5) -> 225 | D40: 0 | E40: 0 | F40: 0 | G40: 0 | H40: 0 | I40: 0 | J40: =SUM(D40:I40) -> 0 | K40: =SUM(D40:H40) -> 0 | L40: =B40*K40 -> 0 | M40: JAN 29 2017 | N40: JAN 29 2019
A41: 171250 | B41: 45 | C41: =SUM(B41*5) -> 225 | D41: 0 | E41: 0 | F41: 0 | G41: 0 | H41: 0 | I41: 0 | J41: =SUM(D41:I41) -> 0 | K41: =SUM(D41:H41) -> 0 | L41: =B41*K41 -> 0 | M41: FEB 01 2017 | N41: FEB 01 2019
A42: 171251 | B42: 45 | C42: =SUM(B42*5) -> 225 | D42: 0 | E42: 0 | F42: 1 | G42: 1 | H42: 1 | I42: 1 | J42: =SUM(D42:I42) -> 4 | K42: =SUM(D42:H42) -> 3 | L42: =B42*K42 -> 135 | M42: FEB 01 2017 | N42: FEB 01 2019
A43: 171252 | B43: 60 | C43: =SUM(B43*5) -> 300 | D43: 0 | E43: 0 | F43: 0 | G43: 0 | H43: 0 | I43: 0 | J43: =SUM(D43:I43) -> 0 | K43: =SUM(D43:H43) -> 0 | L43: =B43*K43 -> 0 | M43: FEB 02 2017 | N43: FEB 02 2019
A44: 171253 | B44: 45 | C44: =SUM(B44*5) -> 225 | D44: 0 | E44: 0 | F44: 0 | G44: 0 | H44: 0 | I44: 0 | J44: =SUM(D44:I44) -> 0 | K44: =SUM(D44:H44) -> 0 | L44: =B44*K44 -> 0 | M44: FEB 02 2017 | N44: FEB 02 2019
A45: 171254 | B45: 60 | C45: =SUM(B45*5) -> 300 | D45: 0 | E45: 0 | F45: 0 | G45: 0 | H45: 0 | I45: 0 | J45: =SUM(D45:I45) -> 0 | K45: =SUM(D45:H45) -> 0 | L45: =B45*K45 -> 0 | M45: FEB 04 2017 | N45: FEB 04 2019
A46: 171255 | B46: 60 | C46: =SUM(B46*5) -> 300 | D46: 0 | E46: 0 | F46: 0 | G46: 0 | H46: 0 | I46: 0 | J46: =SUM(D46:I46) -> 0 | K46: =SUM(D46:H46) -> 0 | L46: =B46*K46 -> 0 | M46: FEB 04 2017 | N46: FEB 04 2019
A47: 171256 | B47: 45 | C47: =SUM(B47*5) -> 225 | D47: 0 | E47: 0 | F47: 0 | G47: 0 | H47: 0 | I47: 0 | J47: =SUM(D47:I47) -> 0 | K47: =SUM(D47:H47) -> 0 | L47: =B47*K47 -> 0 | M47: FEB 04 2017 | N47: FEB 04 2019
A48: 171257 | B48: 60 | C48: =SUM(B48*5) -> 300 | D48: 0 | E48: 0 | F48: 0 | G48: 0 | H48: 0 | I48: 0 | J48: =SUM(D48:I48) -> 0 | K48: =SUM(D48:H48) -> 0 | L48: =B48*K48 -> 0 | M48: FEB 05 2017 | N48: FEB 05 2019
A49: 171258 | C49: =SUM(B49*5) -> 0 | D49: 0 | J49: =SUM(D49:I49) -> 0 | K49: =SUM(D49:H49) -> 0 | L49: =B49*K49 -> 0 | M49: FEB 05 2017 | N49: FEB 05 2019 | O49: Soft top won't shut HP comp once by Brian
A50: 171259 | B50: 55 | C50: =SUM(B50*5) -> 275 | D50: 0 | E50: 0 | F50: 0 | G50: 0 | H50: 0 | I50: 0 | J50: =SUM(D50:I50) -> 0 | K50: =SUM(D50:H50) -> 0 | L50: =B50*K50 -> 0 | M50: FEB 06 2017 | N50: FEB 06 2019
A51: 171260 | B51: 55 | C51: =SUM(B51*5) -> 275 | D51: 0 | E51: 0 | F51: 0 | G51: 0 | H51: 0 | I51: 1 | J51: =SUM(D51:I51) -> 1 | K51: =SUM(D51:H51) -> 0 | L51: =B51*K51 -> 0 | M51: FEB 06 2017 | N51: FEB 06 2019
A52: 171261 | B52: 55 | C52: =SUM(B52*5) -> 275 | D52: 0 | E52: 0 | F52: 0 | G52: 0 | H52: 0 | I52: 0 | J52: =SUM(D52:I52) -> 0 | K52: =SUM(D52:H52) -> 0 | L52: =B52*K52 -> 0 | M52: FEB 06 2017 | N52: FEB 06 2019
A53: 171262 | B53: 55 | C53: =SUM(B53*5) -> 275 | D53: 0 | E53: 0 | F53: 0 | G53: 0 | H53: 1 | I53: 1 | J53: =SUM(D53:I53) -> 2 | K53: =SUM(D53:H53) -> 1 | L53: =B53*K53 -> 55 | M53: FEB 06 2017 | N53: FEB 06 2019
A54: 171263 | B54: 50 | C54: =SUM(B54*5) -> 250 | D54: 0 | E54: 0 | F54: 0 | G54: 0 | H54: 0 | I54: 0 | J54: =SUM(D54:I54) -> 0 | K54: =SUM(D54:H54) -> 0 | L54: =B54*K54 -> 0 | M54: FEB 06 2017 | N54: FEB 06 2019
A55: 171264 | B55: 60 | C55: =SUM(B55*5) -> 300 | D55: 0 | E55: 0 | F55: 0 | G55: 0 | H55: 0 | I55: 0 | J55: =SUM(D55:I55) -> 0 | K55: =SUM(D55:H55) -> 0 | L55: =B55*K55 -> 0 | M55: FEB 06 2017 | N55: FEB 06 2019
A56: 171265 | B56: 45 | C56: =SUM(B56*5) -> 225 | D56: 0 | E56: 0 | F56: 0 | G56: 0 | H56: 0 | I56: 0 | J56: =SUM(D56:I56) -> 0 | K56: =SUM(D56:H56) -> 0 | L56: =B56*K56 -> 0 | M56: FEB 06 2017 | N56: FEB 06 2019
A57: 171266 | B57: 45 | C57: =SUM(B57*5) -> 225 | D57: 0 | E57: 0 | F57: 0 | G57: 1 | H57: 1 | I57: 1 | J57: =SUM(D57:I57) -> 3 | K57: =SUM(D57:H57) -> 2 | L57: =B57*K57 -> 90 | M57: FEB 10 2017 | N57: FEB 10 2019
A58: 171267 | B58: 60 | C58: =SUM(B58*5) -> 300 | D58: 0 | E58: 0 | F58: 0 | G58: 0 | H58: 0 | I58: 0 | J58: =SUM(D58:I58) -> 0 | K58: =SUM(D58:H58) -> 0 | L58: =B58*K58 -> 0 | M58: FEB 10 2017 | N58: FEB 10 2019
A59: 171268 | B59: 45 | C59: =SUM(B59*5) -> 225 | D59: 0 | E59: 0 | F59: 0 | G59: 0 | H59: 0 | I59: 0 | J59: =SUM(D59:I59) -> 0 | K59: =SUM(D59:H59) -> 0 | L59: =B59*K59 -> 0 | M59: FEB 10 2017 | N59: FEB 10 2019
A60: 171269 | B60: 45 | C60: =SUM(B60*5) -> 225 | D60: 0 | E60: 0 | F60: 0 | G60: 0 | H60: 0 | I60: 0 | J60: =SUM(D60:I60) -> 0 | K60: =SUM(D60:H60) -> 0 | L60: =B60*K60 -> 0 | M60: FEB 10 2017 | N60: FEB 10 2019
A61: 171270 | B61: 60 | C61: =SUM(B61*5) -> 300 | D61: 0 | E61: 0 | F61: 1 | G61: 1 | H61: 1 | I61: 1 | J61: =SUM(D61:I61) -> 4 | K61: =SUM(D61:H61) -> 3 | L61: =B61*K61 -> 180 | M61: FEB 11 2017 | N61: FEB 11 2019
... A75: 171284 | B75: 45 | C75: =SUM(B75*5) -> 225 | D75: 0 | E75: 0 | F75: 0 | G75: 0 | H75: 0 | I75: 0 | J75: =SUM(D75:I75) -> 0 | K75: =SUM(D75:H75) -> 0 | L75: =B75*K75 -> 0 | M75: FEB 04 2017 | N75: FEB 04 2019
A76: 171285 | B76: 45 | C76: =SUM(B76*5) -> 225 | D76: 0 | E76: 0 | F76: 0 | G76: 0 | H76: 0 | I76: 0 | J76: =SUM(D76:I76) -> 0 | K76: =SUM(D76:H76) -> 0 | L76: =B76*K76 -> 0 | M76: FEB 23 2017 | N76: FEB 23 2019 | O76: TRANSFER TO NEW
A77: 171286 | B77: 45 | C77: 45 | I77: 0 | J77: =SUM(D77:I77) -> 0 | K77: =SUM(D77:H77) -> 0 | L77: =B77*K77 -> 0 | M77: FEB 28 2017 | N77: FEB 28 2019
A78: 171287 | B78: 45 | C78: =SUM(B78*5) -> 225 | D78: 0 | E78: 0 | F78: 0 | G78: 0 | H78: 0 | I78: 0 | J78: =SUM(D78:I78) -> 0 | K78: =SUM(D78:H78) -> 0 | L78: =B78*K78 -> 0 | M78: MAR 04 2017 | N78: MAR 04 2019
A79: 171288 | B79: 60 | C79: =SUM(B79*5) -> 300 | D79: 0 | E79: 0 | F79: 0 | G79: 0 | H79: 0 | I79: 0 | J79: =SUM(D79:I79) -> 0 | K79: =SUM(D79:H79) -> 0 | L79: =B79*K79 -> 0 | M79: MAR 09 2017 | N79: MAR 09 2019
A80: 171289 | B80: 60 | C80: =SUM(B80*5) -> 300 | D80: 0 | E80: 0 | F80: 0 | G80: 0 | H80: 0 | I80: 0 | J80: =SUM(D80:I80) -> 0 | K80: =SUM(D80:H80) -> 0 | L80: =B80*K80 -> 0 | M80: MAR 10 2017 | N80: MAR 10 2019
A81: 171290 | B81: 50 | C81: =SUM(B81*5) -> 250 | D81: 0 | E81: 0 | F81: 0 | G81: 0 | H81: 1 | I81: 1 | J81: =SUM(D81:I81) -> 2 | K81: =SUM(D81:H81) -> 1 | L81: =B81*K81 -> 50 | M81: MAR 10 2017 | N81: MAR 10 2019
A82: 171291 | B82: 45 | C82: =SUM(B82*5) -> 225 | D82: 0 | E82: 0 | F82: 0 | G82: 0 | H82: 0 | I82: 1 | J82: =SUM(D82:I82) -> 1 | K82: =SUM(D82:H82) -> 0 | L82: =B82*K82 -> 0 | M82: MAR 10 2017 | N82: MAR 10 2019
A83: 171292 | B83: 60 | C83: =SUM(B83*5) -> 300 | D83: 0 | E83: 0 | F83: 0 | G83: 0 | H83: 0 | I83: 0 | J83: =SUM(D83:I83) -> 0 | K83: =SUM(D83:H83) -> 0 | L83: =B83*K83 -> 0 | M83: MAR 10 2017 | N83: MAR 10 2019
A84: 171293 | B84: 0 | C84: =SUM(B84*5) -> 0 | D84: 0 | J84: =SUM(D84:I84) -> 0 | K84: =SUM(D84:H84) -> 0 | L84: =B84*K84 -> 0 | M84: NON EXPIRY HP ONCE COMP ON 10/03/17 BY TEDD MISTAKE
A85: 171294 | B85: 60 | C85: =SUM(B85*5) -> 300 | D85: 0 | E85: 0 | F85: 0 | G85: 0 | H85: 0 | I85: 0 | J85: =SUM(D85:I85) -> 0 | K85: =SUM(D85:H85) -> 0 | L85: =B85*K85 -> 0 | M85: MAR 11 2017 | N85: MAR 11 2019
A86: 171295 | B86: 60 | C86: =SUM(B86*5) -> 300 | D86: 0 | E86: 0 | F86: 0 | G86: 0 | H86: 0 | I86: 0 | J86: =SUM(D86:I86) -> 0 | K86: =SUM(D86:H86) -> 0 | L86: =B86*K86 -> 0 | M86: MAR 11 2017 | N86: MAR 11 2019
A87: 171296 | B87: 60 | C87: =SUM(B87*5) -> 300 | D87: 0 | E87: 0 | F87: 0 | G87: 0 | H87: 0 | I87: 0 | J87: =SUM(D87:I87) -> 0 | K87: =SUM(D87:H87) -> 0 | L87: =B87*K87 -> 0 | M87: MAR 12 2017 | N87: MAR 12 2019
A88: 171297 | B88: 45 | C88: =SUM(B88*5) -> 225 | D88: 0 | E88: 0 | F88: 0 | G88: 0 | H88: 0 | I88: 0 | J88: =SUM(D88:I88) -> 0 | K88: =SUM(D88:H88) -> 0 | L88: =B88*K88 -> 0 | M88: MAR 17 2017 | N88: MAR 17 2019
A89: 171298 | B89: 45 | C89: =SUM(B89*5) -> 225 | D89: 0 | E89: 0 | F89: 0 | G89: 0 | H89: 0 | I89: 0 | J89: =SUM(D89:I89) -> 0 | K89: =SUM(D89:H89) -> 0 | L89: =B89*K89 -> 0 | M89: MAR 19 2017 | N89: MAR 19 2019
A90: 171299 | B90: 60 | C90: =SUM(B90*5) -> 300 | D90: 0 | E90: 0 | F90: 0 | G90: 0 | H90: 0 | I90: 1 | J90: =SUM(D90:I90) -> 1 | K90: =SUM(D90:H90) -> 0 | L90: =B90*K90 -> 0 | M90: MAR 20 2017 | N90: MAR 20 2019
A91: 171300 | B91: 45 | C91: =SUM(B91*5) -> 225 | D91: 0 | E91: 0 | F91: 0 | G91: 0 | H91: 0 | I91: 1 | J91: =SUM(D91:I91) -> 1 | K91: =SUM(D91:H91) -> 0 | L91: =B91*K91 -> 0 | M91: MAR 20 2017 | N91: MAR 20 2019 | O91: Transferred to new
A92: 171301 | C92: =SUM(B92*5) -> 0 | D92: 1 | J92: =SUM(D92:I92) -> 1 | K92: =SUM(D92:H92) -> 1 | L92: =B92*K92 -> 0 | M92: Kevin ? | N92: void, returned
A93: 171302 | B93: 45 | C93: =SUM(B93*5) -> 225 | D93: 0 | E93: 0 | F93: 0 | G93: 0 | H93: 0 | I93: 1 | J93: =SUM(D93:I93) -> 1 | K93: =SUM(D93:H93) -> 0 | L93: =B93*K93 -> 0 | M93: MAR 25 2017 | N93: MAR 25 2019
A94: 171303 | B94: 60 | C94: =SUM(B94*5) -> 300 | D94: 0 | E94: 0 | F94: 0 | G94: 0 | H94: 1 | I94: 1 | J94: =SUM(D94:I94) -> 2 | K94: =SUM(D94:H94) -> 1 | L94: =B94*K94 -> 60 | M94: MAR 25 2017 | N94: MAR 25 2019
A95: 171304 | B95: 45 | C95: =SUM(B95*5) -> 225 | D95: 0 | E95: 0 | F95: 0 | G95: 0 | H95: 0 | I95: 0 | J95: =SUM(D95:I95) -> 0 | K95: =SUM(D95:H95) -> 0 | L95: =B95*K95 -> 0 | M95: MAR 26 2017 | N95: MAR 26 2019
A96: 171305 | B96: 60 | C96: =SUM(B96*5) -> 300 | D96: 0 | E96: 0 | F96: 0 | G96: 0 | H96: 0 | I96: 0 | J96: =SUM(D96:I96) -> 0 | K96: =SUM(D96:H96) -> 0 | L96: =B96*K96 -> 0 | M96: MAR 27 2017 | N96: MAR 27 2019
A97: 171306 | B97: 70 | C97: =SUM(B97*5) -> 350 | D97: 0 | E97: 0 | F97: 0 | G97: 0 | H97: 0 | I97: 0 | J97: =SUM(D97:I97) -> 0 | K97: =SUM(D97:H97) -> 0 | L97: =B97*K97 -> 0 | M97: MAR 28 2017 | N97: MAR 28 2019
A98: 171307 | B98: 60 | C98: =SUM(B98*5) -> 300 | D98: 0 | E98: 0 | F98: 0 | G98: 0 | H98: 0 | I98: 1 | J98: =SUM(D98:I98) -> 1 | K98: =SUM(D98:H98) -> 0 | L98: =B98*K98 -> 0 | M98: MAR 29 2017 | N98: MAR 29 2019
A99: 171308 | B99: 0 | C99: =SUM(B99*5) -> 0 | D99: 0 | E99: 0 | F99: 0 | G99: 0 | H99: 0 | I99: 1 | J99: =SUM(D99:I99) -> 1 | K99: =SUM(D99:H99) -> 0 | L99: =B99*K99 -> 0 | M99: APR 02 2017 | N99: APR 02 2018 | O99: HAND POLISH COPLIMENT VOUCHER
A100: 171309 | B100: 60 | C100: =SUM(B100*5) -> 300 | D100: 1 | E100: 1 | F100: 1 | G100: 1 | H100: 1 | I100: 1 | J100: =SUM(D100:I100) -> 6 | K100: =SUM(D100:H100) -> 5 | L100: =B100*K100 -> 300 | M100: APR 04 2017 | N100: APR 04 2019
A101: 171310 | B101: 50 | C101: =SUM(B101*5) -> 250 | D101: 0 | E101: 0 | F101: 0 | G101: 0 | H101: 0 | I101: 0 | J101: =SUM(D101:I101) -> 0 | K101: =SUM(D101:H101) -> 0 | L101: =B101*K101 -> 0 | M101: APR 08 2017 | N101: APR 08 2019
A102: 171311 | B102: 45 | C102: =SUM(B102*5) -> 225 | D102: 0 | E102: 0 | F102: 0 | G102: 0 | H102: 0 | I102: 0 | J102: =SUM(D102:I102) -> 0 | K102: =SUM(D102:H102) -> 0 | L102: =B102*K102 -> 0 | M102: APR 09 2017 | N102: APR 09 2019
A103: 171312 | B103: 0 | C103: 0 | D103: 0 | E103: 0 | F103: 0 | G103: 0 | H103: 0 | I103: 1 | J103: =SUM(D103:I103) -> 1 | K103: =SUM(D103:H103) -> 0 | L103: =B103*K103 -> 0 | M103: APR 09 2017 | N103: APR 09 2018 | O103: HAND POLISH COPLIMENT VOUCHER
A104: 171313 | B104: 45 | C104: =SUM(B104*5) -> 225 | D104: 0 | E104: 0 | F104: 0 | G104: 0 | H104: 0 | I104: 1 | J104: =SUM(D104:I104) -> 1 | K104: =SUM(D104:H104) -> 0 | L104: =B104*K104 -> 0 | M104: APR 11 2017 | N104: APR 11 2019
A105: 171314 | B105: 45 | C105: =SUM(B105*5) -> 225 | D105: 0 | E105: 1 | F105: 1 | G105: 1 | H105: 1 | I105: 1 | J105: =SUM(D105:I105) -> 5 | K105: =SUM(D105:H105) -> 4 | L105: =B105*K105 -> 180 | M105: APR 13 2017 | N105: APR 13 2019
A106: 171315 | B106: 45 | C106: =SUM(B106*5) -> 225 | D106: 0 | E106: 0 | F106: 0 | G106: 0 | H106: 0 | I106: 0 | J106: =SUM(D106:I106) -> 0 | K106: =SUM(D106:H106) -> 0 | L106: =B106*K106 -> 0 | M106: APR 13 2017 | N106: APR 13 2019
A107: 171316 | B107: 45 | C107: =SUM(B107*5) -> 225 | D107: 0 | E107: 1 | F107: 1 | G107: 1 | H107: 1 | I107: 1 | J107: =SUM(D107:I107) -> 5 | K107: =SUM(D107:H107) -> 4 | L107: =B107*K107 -> 180 | M107: APR 15 2017 | N107: APR 15 2019
A108: 171317 | B108: 45 | C108: =SUM(B108*5) -> 225 | D108: 0 | E108: 0 | F108: 0 | G108: 0 | H108: 0 | I108: 0 | J108: =SUM(D108:I108) -> 0 | K108: =SUM(D108:H108) -> 0 | L108: =B108*K108 -> 0 | M108: APR 20 2017 | N108: APR 20 2019
A109: 171318 | B109: 45 | C109: =SUM(B109*5) -> 225 | D109: 0 | E109: 0 | F109: 1 | G109: 1 | H109: 1 | I109: 1 | J109: =SUM(D109:I109) -> 4 | K109: =SUM(D109:H109) -> 3 | L109: =B109*K109 -> 135 | M109: APR 20 2017 | N109: APR 20 2019
A110: 171319 | B110: 60 | C110: =SUM(B110*5) -> 300 | D110: 0 | E110: 0 | F110: 0 | G110: 0 | H110: 0 | I110: 0 | J110: =SUM(D110:I110) -> 0 | K110: =SUM(D110:H110) -> 0 | L110: =B110*K110 -> 0 | M110: APR 21 2017 | N110: APR 21 2019
A111: 171320 | B111: 60 | C111: =SUM(B111*5) -> 300 | D111: 0 | E111: 0 | F111: 0 | G111: 0 | H111: 0 | I111: 0 | J111: =SUM(D111:I111) -> 0 | K111: =SUM(D111:H111) -> 0 | L111: =B111*K111 -> 0 | M111: APR 22 2017 | N111: APR 22 2019
A112: 171321 | B112: 45 | C112: =SUM(B112*5) -> 225 | D112: 0 | E112: 0 | F112: 0 | G112: 0 | H112: 0 | I112: 0 | J112: =SUM(D112:I112) -> 0 | K112: =SUM(D112:H112) -> 0 | L112: =B112*K112 -> 0 | M112: APR 23 2017 | N112: APR 23 2019
A113: 171322 | B113: 45 | C113: =SUM(B113*5) -> 225 | D113: 0 | E113: 0 | F113: 0 | G113: 0 | H113: 0 | I113: 0 | J113: =SUM(D113:I113) -> 0 | K113: =SUM(D113:H113) -> 0 | L113: =B113*K113 -> 0 | M113: APR 23 2017 | N113: APR 23 2019
A114: 171323 | B114: 60 | C114: =SUM(B114*5) -> 300 | D114: 0 | E114: 0 | F114: 0 | G114: 0 | H114: 0 | I114: 0 | J114: =SUM(D114:I114) -> 0 | K114: =SUM(D114:H114) -> 0 | L114: =B114*K114 -> 0 | M114: APR 23 2017 | N114: APR 23 2019
A115: 171324 | B115: 45 | C115: =SUM(B115*5) -> 225 | D115: 0 | E115: 0 | F115: 0 | G115: 0 | H115: 0 | I115: 0 | J115: =SUM(D115:I115) -> 0 | K115: =SUM(D115:H115) -> 0 | L115: =B115*K115 -> 0 | M115: APR 23 2017 | N115: APR 23 2019
... A126: 171335 | B126: 45 | C126: =SUM(B126*5) -> 225 | D126: 0 | E126: 0 | F126: 0 | G126: 0 | H126: 0 | I126: 0 | J126: =SUM(D126:I126) -> 0 | K126: =SUM(D126:H126) -> 0 | L126: =B126*K126 -> 0 | M126: MAY 06 2017 | N126: MAY 06 2019
...

Sheet 2018
C1: Amount | K1: Amount | L1: Amount | N1: UNCLAIMED
A2: Numbers | C2: sold | K2: expired | L2: Unclaimed | N2: Percentage
C3: =SUM(C6:C485) -> 126435 | K3: =SUM(L6:L374) -> 7560 | L3: =SUM(L6:L485) -> 10480 | N3: =L3/C3 -> 0.082888441
A4: No | B4: Unit | C4: Sales | J4: Service(s) | K4: Value | L4: $ | M4: issued on | N4: expires at | O4: Customer | P4: Phone | Q4: e-mail
B5: Price | C5: Price | D5: (USED) | J5: left | K5: left | L5: left | O5: Name
A6: 171629 | B6: 45 | C6: =SUM(B6*5) -> 225 | D6: 0 | E6: 0 | F6: 0 | G6: 0 | H6: 0 | I6: 0 | J6: =SUM(D6:I6) -> 0 | K6: =SUM(D6:H6) -> 0 | L6: =B6*K6 -> 0 | M6: JAN 06 2018 | N6: JAN 06 2020
A7: 171630 | B7: 60 | C7: =SUM(B7*5) -> 300 | D7: 0 | E7: 0 | F7: 0 | G7: 0 | H7: 0 | I7: 0 | J7: =SUM(D7:I7) -> 0 | K7: =SUM(D7:H7) -> 0 | L7: =B7*K7 -> 0 | M7: JAN 04 2018 | N7: JAN 04 2020
A8: 171631 | B8: 60 | C8: =SUM(B8*5) -> 300 | D8: 0 | E8: 0 | F8: 1 | G8: 1 | H8: 1 | I8: 1 | J8: =SUM(D8:I8) -> 4 | K8: =SUM(D8:H8) -> 3 | L8: =B8*K8 -> 180 | M8: JAN 07 2018 | N8: JAN 07 2020
A9: 171632 | B9: 50 | C9: =SUM(B9*5) -> 250 | D9: 0 | E9: 0 | F9: 0 | G9: 0 | H9: 0 | I9: 0 | J9: =SUM(D9:I9) -> 0 | K9: =SUM(D9:H9) -> 0 | L9: =B9*K9 -> 0 | M9: JAN 07 2018 | N9: JAN 07 2020
A10: 171633 | B10: 60 | C10: =SUM(B10*5) -> 300 | D10: 0 | E10: 0 | F10: 0 | G10: 0 | H10: 0 | I10: 1 | J10: =SUM(D10:I10) -> 1 | K10: =SUM(D10:H10) -> 0 | L10: =B10*K10 -> 0 | M10: JAN 08 2018 | N10: JAN 08 2020
A11: 171634 | B11: 60 | C11: =SUM(B11*5) -> 300 | D11: 0 | E11: 0 | F11: 0 | G11: 0 | H11: 0 | I11: 0 | J11: =SUM(D11:I11) -> 0 | K11: =SUM(D11:H11) -> 0 | L11: =B11*K11 -> 0 | M11: JAN 10 2018 | N11: JAN 10 2020
A12: 171635 | B12: 45 | C12: =SUM(B12*5) -> 225 | D12: 0 | E12: 0 | F12: 0 | G12: 0 | H12: 0 | I12: 0 | J12: =SUM(D12:I12) -> 0 | K12: =SUM(D12:H12) -> 0 | L12: =B12*K12 -> 0 | M12: JAN 12 2018 | N12: JAN 12 2020
A13: 171636 | B13: 60 | C13: =SUM(B13*5) -> 300 | D13: 0 | E13: 0 | F13: 1 | G13: 1 | H13: 1 | I13: 1 | J13: =SUM(D13:I13) -> 4 | K13: =SUM(D13:H13) -> 3 | L13: =B13*K13 -> 180 | M13: JAN 14 2018 | N13: JAN 14 2020
A14: 171637 | B14: 45 | C14: =SUM(B14*5) -> 225 | D14: 0 | E14: 0 | F14: 0 | G14: 0 | H14: 0 | I14: 0 | J14: =SUM(D14:I14) -> 0 | K14: =SUM(D14:H14) -> 0 | L14: =B14*K14 -> 0 | M14: JAN 15 2018 | N14: JAN 15 2020
A15: 171638 | B15: 60 | C15: =SUM(B15*5) -> 300 | D15: 0 | E15: 0 | F15: 0 | G15: 0 | H15: 0 | I15: 0 | J15: =SUM(D15:I15) -> 0 | K15: =SUM(D15:H15) -> 0 | L15: =B15*K15 -> 0 | M15: JAN 15 2018 | N15: JAN 15 2020
A16: 171639 | B16: 35 | C16: =SUM(B16*10) -> 350 | D16: 0 | E16: 0 | F16: 0 | G16: 0 | H16: 0 | I16: 0 | J16: =SUM(D16:I17) -> 1 | K16: =SUM(D16:H17) -> 0 | L16: =B16*K16 -> 0 | M16: JAN 17 2018 | N16: JAN 17 2020
D17: 0 | E17: 0 | F17: 0 | G17: 0 | H17: 0 | I17: 1
A18: 171640 | B18: 60 | C18: =SUM(B18*5) -> 300 | D18: 0 | E18: 0 | F18: 0 | G18: 0 | H18: 0 | I18: 0 | J18: =SUM(D18:I18) -> 0 | K18: =SUM(D18:H18) -> 0 | L18: =B18*K18 -> 0 | M18: JAN 17 2018 | N18: JAN 17 2020
A19: 171641 | B19: 0 | C19: =SUM(B19*5) -> 0 | D19: 0 | E19: 0 | F19: 1 | G19: 1 | J19: =SUM(D19:I19) -> 2 | K19: =SUM(D19:H19) -> 2 | L19: =B19*K19 -> 0 | M19: JAN 18 2018 | N19: JAN 18 2020 | O19: Compliment for Kevin
A20: 171642 | B20: 60 | C20: =SUM(B20*5) -> 300 | D20: 0 | E20: 0 | F20: 0 | G20: 0 | H20: 1 | I20: 1 | J20: =SUM(D20:I20) -> 2 | K20: =SUM(D20:H20) -> 1 | L20: =B20*K20 -> 60 | M20: JAN 18 2018 | N20: JAN 18 2020
A21: 171643 | B21: 90 | C21: =SUM(B21*5) -> 450 | D21: 0 | E21: 0 | F21: 0 | G21: 0 | H21: 0 | I21: 0 | J21: =SUM(D21:I21) -> 0 | K21: =SUM(D21:H21) -> 0 | L21: =B21*K21 -> 0 | M21: JAN 18 2018 | N21: JAN 18 2020
A22: 171644 | B22: 45 | C22: =SUM(B22*5) -> 225 | D22: 0 | E22: 0 | F22: 0 | G22: 0 | H22: 0 | I22: 0 | J22: =SUM(D22:I22) -> 0 | K22: =SUM(D22:H22) -> 0 | L22: =B22*K22 -> 0 | M22: JAN 19 2018 | N22: JAN 19 2020
A23: 171645 | B23: 60 | C23: =SUM(B23*5) -> 300 | D23: 0 | E23: 0 | F23: 1 | G23: 1 | H23: 1 | I23: 1 | J23: =SUM(D23:I23) -> 4 | K23: =SUM(D23:H23) -> 3 | L23: =B23*K23 -> 180 | M23: JAN 20 2018 | N23: JAN 20 2020
A24: 171646 | B24: 45 | C24: =SUM(B24*5) -> 225 | D24: 0 | E24: 0 | F24: 0 | G24: 0 | H24: 0 | I24: 1 | J24: =SUM(D24:I24) -> 1 | K24: =SUM(D24:H24) -> 0 | L24: =B24*K24 -> 0 | M24: JAN 20 2018 | N24: JAN 20 2020
A25: 171647 | B25: 45 | C25: =SUM(B25*5) -> 225 | D25: 0 | E25: 0 | F25: 0 | G25: 0 | H25: 0 | I25: 0 | J25: =SUM(D25:I25) -> 0 | K25: =SUM(D25:H25) -> 0 | L25: =B25*K25 -> 0 | M25: JAN 24 2018 | N25: JAN 24 2020 | O25: Extended 1 year
A26: 171648 | B26: 60 | C26: =SUM(B26*5) -> 300 | D26: 0 | E26: 0 | F26: 0 | G26: 0 | H26: 1 | I26: 1 | J26: =SUM(D26:I26) -> 2 | K26: =SUM(D26:H26) -> 1 | L26: =B26*K26 -> 60 | M26: JAN 24 2018 | N26: JAN 24 2020 | O26: Extended 1 year
A27: 171649 | B27: 60 | C27: =SUM(B27*5) -> 300 | D27: 0 | E27: 0 | F27: 0 | G27: 0 | H27: 0 | I27: 0 | J27: =SUM(D27:I27) -> 0 | K27: =SUM(D27:H27) -> 0 | L27: =B27*K27 -> 0 | M27: JAN 26 2018 | N27: JAN 26 2020
A28: 171650 | B28: 45 | C28: =SUM(B28*5) -> 225 | D28: 0 | E28: 0 | F28: 0 | G28: 0 | H28: 0 | I28: 0 | J28: =SUM(D28:I28) -> 0 | K28: =SUM(D28:H28) -> 0 | L28: =B28*K28 -> 0 | M28: JAN 27 2018 | N28: JAN 27 2020
A29: 171651 | B29: 60 | C29: =SUM(B29*5) -> 300 | D29: 0 | E29: 0 | F29: 0 | G29: 0 | H29: 0 | I29: 0 | J29: =SUM(D29:I29) -> 0 | K29: =SUM(D29:H29) -> 0 | L29: =B29*K29 -> 0 | M29: JAN 27 2018 | N29: JAN 27 2020
A30: 171652 | B30: 45 | C30: =SUM(B30*5) -> 225 | D30: 0 | E30: 0 | F30: 0 | G30: 0 | H30: 0 | I30: 0 | J30: =SUM(D30:I30) -> 0 | K30: =SUM(D30:H30) -> 0 | L30: =B30*K30 -> 0 | M30: JAN 29 2018 | N30: JAN 29 2020
A31: 171653 | B31: 45 | C31: =SUM(B31*5) -> 225 | D31: 0 | E31: 0 | F31: 0 | G31: 0 | H31: 0 | I31: 0 | J31: =SUM(D31:I31) -> 0 | K31: =SUM(D31:H31) -> 0 | L31: =B31*K31 -> 0 | M31: JAN 29 2018 | N31: JAN 29 2020
A32: 171654 | B32: 45 | C32: =SUM(B32*5) -> 225 | D32: 0 | E32: 0 | F32: 0 | G32: 0 | H32: 0 | I32: 1 | J32: =SUM(D32:I32) -> 1 | K32: =SUM(D32:H32) -> 0 | L32: =B32*K32 -> 0 | M32: FEB 01 2018 | N32: FEB 01 2020
A33: 171655 | B33: 45 | C33: =SUM(B33*5) -> 225 | D33: 0 | E33: 0 | F33: 0 | G33: 0 | H33: 0 | I33: 0 | J33: =SUM(D33:I33) -> 0 | K33: =SUM(D33:H33) -> 0 | L33: =B33*K33 -> 0 | M33: FEB 01 2018 | N33: FEB 01 2020
A34: 171656 | B34: 60 | C34: =SUM(B34*5) -> 300 | D34: 0 | E34: 0 | F34: 0 | G34: 0 | H34: 0 | I34: 0 | J34: =SUM(D34:I34) -> 0 | K34: =SUM(D34:H34) -> 0 | L34: =B34*K34 -> 0 | M34: FEB 01 2018 | N34: FEB 01 2020
A35: 171657 | B35: 45 | C35: =SUM(B35*5) -> 225 | D35: 0 | E35: 0 | F35: 0 | G35: 0 | H35: 0 | I35: 0 | J35: =SUM(D35:I35) -> 0 | K35: =SUM(D35:H35) -> 0 | L35: =B35*K35 -> 0 | M35: FEB 02 2018 | N35: FEB 02 2020
A36: 171658 | B36: 60 | C36: =SUM(B36*5) -> 300 | D36: 0 | E36: 0 | F36: 0 | G36: 0 | H36: 1 | I36: 1 | J36: =SUM(D36:I36) -> 2 | K36: =SUM(D36:H36) -> 1 | L36: =B36*K36 -> 60 | M36: FEB 03 2018 | N36: FEB 03 2020
A37: 171659 | B37: 60 | C37: =SUM(B37*5) -> 300 | D37: 0 | E37: 0 | F37: 0 | G37: 0 | H37: 0 | I37: 1 | J37: =SUM(D37:I37) -> 1 | K37: =SUM(D37:H37) -> 0 | L37: =B37*K37 -> 0 | M37: FEB 04 2018 | N37: FEB 04 2020
A38: 171660 | B38: 60 | C38: =SUM(B38*5) -> 300 | D38: 0 | E38: 0 | F38: 0 | G38: 0 | H38: 0 | I38: 0 | J38: =SUM(D38:I38) -> 0 | K38: =SUM(D38:H38) -> 0 | L38: =B38*K38 -> 0 | M38: FEB 04 2018 | N38: FEB 04 2020
... A52: 171674 | B52: 45 | C52: =SUM(B52*5) -> 225 | D52: 0 | E52: 0 | F52: 1 | G52: 1 | H52: 1 | I52: 1 | J52: =SUM(D52:I52) -> 4 | K52: =SUM(D52:H52) -> 3 | L52: =B52*K52 -> 135 | M52: FEB 17 2018 | N52: FEB 17 2020
A53: 171675 | B53: 100 | C53: =SUM(B53*5) -> 500 | D53: 0 | E53: 0 | F53: 0 | G53: 0 | H53: 0 | I53: 0 | J53: =SUM(D53:I53) -> 0 | K53: =SUM(D53:H53) -> 0 | L53: =B53*K53 -> 0 | M53: FEB 17 2018 | N53: FEB 17 2020 | O53: EXTENDED 1 DLX
A54: 171676 | B54: 45 | C54: =SUM(B54*5) -> 225 | D54: 0 | E54: 0 | F54: 0 | G54: 0 | H54: 0 | I54: 0 | J54: =SUM(D54:I54) -> 0 | K54: =SUM(D54:H54) -> 0 | L54: =B54*K54 -> 0 | M54: FEB 18 2018 | N54: FEB 18 2020
A55: 171677 | B55: 60 | C55: =SUM(B55*5) -> 300 | D55: 0 | E55: 0 | F55: 0 | G55: 0 | H55: 0 | I55: 0 | J55: =SUM(D55:I55) -> 0 | K55: =SUM(D55:H55) -> 0 | L55: =B55*K55 -> 0 | M55: FEB 18 2018 | N55: FEB 18 2020
A56: 171678 | B56: 45 | C56: =SUM(B56*5) -> 225 | D56: 0 | E56: 0 | F56: 0 | G56: 0 | H56: 0 | I56: 1 | J56: =SUM(D56:I56) -> 1 | K56: =SUM(D56:H56) -> 0 | L56: =B56*K56 -> 0 | M56: FEB 18 2018 | N56: FEB 18 2020
A57: 171679 | B57: 60 | C57: =SUM(B57*5) -> 300 | D57: 0 | E57: 0 | F57: 0 | G57: 0 | H57: 0 | I57: 0 | J57: =SUM(D57:I57) -> 0 | K57: =SUM(D57:H57) -> 0 | L57: =B57*K57 -> 0 | M57: FEB 18 2018 | N57: FEB 18 2020
A58: 171680 | B58: 0 | C58: =SUM(B58*5) -> 0 | J58: =SUM(D58:I58) -> 0 | K58: =SUM(D58:H58) -> 0 | L58: =B58*K58 -> 0 | M58: comp | N58: not used | O58: Returned
A59: 171681 | B59: 45 | C59: =SUM(B59*5) -> 225 | D59: 0 | E59: 0 | F59: 0 | G59: 0 | H59: 0 | I59: 0 | J59: =SUM(D59:I59) -> 0 | K59: =SUM(D59:H59) -> 0 | L59: =B59*K59 -> 0 | M59: FEB 18 2018 | N59: FEB 18 2020
A60: 171682 | B60: 45 | C60: =SUM(B60*5) -> 225 | D60: 0 | E60: 0 | F60: 0 | G60: 0 | H60: 0 | I60: 0 | J60: =SUM(D60:I60) -> 0 | K60: =SUM(D60:H60) -> 0 | L60: =B60*K60 -> 0 | M60: FEB 20 2018 | N60: FEB 20 2020
A61: 171683 | B61: 45 | C61: =SUM(B61*5) -> 225 | D61: 0 | E61: 0 | F61: 0 | G61: 0 | H61: 0 | I61: 0 | J61: =SUM(D61:I61) -> 0 | K61: =SUM(D61:H61) -> 0 | L61: =B61*K61 -> 0 | M61: FEB 22 2018 | N61: FEB 22 2020
A62: 171684 | B62: 60 | C62: =SUM(B62*5) -> 300 | D62: 0 | E62: 0 | F62: 0 | G62: 0 | H62: 0 | I62: 0 | J62: =SUM(D62:I62) -> 0 | K62: =SUM(D62:H62) -> 0 | L62: =B62*K62 -> 0 | M62: FEB 22 2018 | N62: FEB 22 2020
A63: 171685 | B63: 50 | C63: =SUM(B63*5) -> 250 | D63: 0 | E63: 0 | F63: 0 | G63: 0 | H63: 0 | I63: 0 | J63: =SUM(D63:I63) -> 0 | K63: =SUM(D63:H63) -> 0 | L63: =B63*K63 -> 0 | M63: FEB 23 2018 | N63: FEB 23 2020
A64: 171686 | B64: 45 | C64: =SUM(B64*5) -> 225 | D64: 0 | E64: 0 | F64: 0 | G64: 0 | H64: 0 | I64: 0 | J64: =SUM(D64:I64) -> 0 | K64: =SUM(D64:H64) -> 0 | L64: =B64*K64 -> 0 | M64: FEB 23 2018 | N64: FEB 23 2020
A65: 171687 | B65: 60 | C65: =SUM(B65*5) -> 300 | D65: 0 | E65: 0 | F65: 0 | G65: 0 | H65: 0 | I65: 0 | J65: =SUM(D65:I65) -> 0 | K65: =SUM(D65:H65) -> 0 | L65: =B65*K65 -> 0 | M65: FEB 23 2018 | N65: FEB 23 2020
A66: 171688 | B66: 50 | C66: =SUM(B66*5) -> 250 | D66: 0 | E66: 0 | F66: 0 | G66: 0 | H66: 0 | I66: 1 | J66: =SUM(D66:I66) -> 1 | K66: =SUM(D66:H66) -> 0 | L66: =B66*K66 -> 0 | M66: FEB 24 2018 | N66: FEB 24 2020
A67: 171689 | B67: 0 | C67: =SUM(B67*5) -> 0 | D67: 1 | J67: =SUM(D67:I67) -> 1 | K67: =SUM(D67:H67) -> 1 | L67: =B67*K67 -> 0 | M67: FEB 25 2018 | N67: FEB 25 2019 | O67: Compliment fro complaint
A68: 171690 | B68: 45 | C68: =SUM(B68*5) -> 225 | D68: 0 | E68: 0 | F68: 0 | G68: 0 | H68: 0 | I68: 1 | J68: =SUM(D68:I68) -> 1 | K68: =SUM(D68:H68) -> 0 | L68: =B68*K68 -> 0 | M68: FEB 27 2018 | N68: FEB 27 2020
A69: 171691 | B69: 45 | C69: =SUM(B69*5) -> 225 | D69: 0 | E69: 0 | F69: 0 | G69: 0 | H69: 0 | I69: 1 | J69: =SUM(D69:I69) -> 1 | K69: =SUM(D69:H69) -> 0 | L69: =B69*K69 -> 0 | M69: MAR 01 2018 | N69: MAR 01 2020
A70: 171692 | B70: 45 | C70: =SUM(B70*5) -> 225 | D70: 0 | E70: 0 | F70: 0 | G70: 0 | H70: 0 | I70: 0 | J70: =SUM(D70:I70) -> 0 | K70: =SUM(D70:H70) -> 0 | L70: =B70*K70 -> 0 | M70: MAR 01 2018 | N70: MAR 01 2020 | O70: AMEX 지불 희망 $5 D/C
A71: 171693 | B71: 0 | C71: =SUM(B71*5) -> 0 | D71: 0 | J71: =SUM(D71:I71) -> 0 | K71: =SUM(D71:H71) -> 0 | L71: =B71*K71 -> 0 | N71: comp | O71: DLX ONCE Detail complaint
A72: 171694 | B72: 45 | C72: =SUM(B72*5) -> 225 | D72: 0 | E72: 0 | F72: 0 | G72: 0 | H72: 0 | I72: 1 | J72: =SUM(D72:I72) -> 1 | K72: =SUM(D72:H72) -> 0 | L72: =B72*K72 -> 0 | M72: MAR 02 2018 | N72: MAR 02 2020
A73: 171695 | B73: 120 | C73: =SUM(B73*5) -> 600 | D73: 1 | E73: 1 | F73: 1 | G73: 1 | H73: 1 | I73: 1 | J73: =SUM(D73:I73) -> 6 | K73: =SUM(D73:H73) -> 5 | L73: =B73*K73 -> 600 | M73: MAR 04 2018 | N73: MAR 04 2020
A74: 171696 | B74: 60 | C74: =SUM(B74*5) -> 300 | D74: 0 | E74: 0 | F74: 1 | G74: 1 | H74: 1 | I74: 1 | J74: =SUM(D74:I74) -> 4 | K74: =SUM(D74:H74) -> 3 | L74: =B74*K74 -> 180 | M74: MAR 05 2018 | N74: MAR 05 2020
A75: 171697 | B75: 45 | C75: =SUM(B75*5) -> 225 | D75: 0 | E75: 0 | F75: 0 | G75: 0 | H75: 0 | I75: 1 | J75: =SUM(D75:I75) -> 1 | K75: =SUM(D75:H75) -> 0 | L75: =B75*K75 -> 0 | M75: MAR 07 2018 | N75: MAR 07 2020
A76: 171698 | B76: 45 | C76: =SUM(B76*5) -> 225 | D76: 0 | E76: 0 | F76: 0 | G76: 0 | H76: 0 | I76: 0 | J76: =SUM(D76:I76) -> 0 | K76: =SUM(D76:H76) -> 0 | L76: =B76*K76 -> 0 | M76: FEB 18 2018 | N76: FEB 18 2020
A77: 171699 | B77: 60 | C77: =SUM(B77*5) -> 300 | D77: 0 | E77: 0 | F77: 0 | G77: 0 | H77: 0 | I77: 1 | J77: =SUM(D77:I77) -> 1 | K77: =SUM(D77:H77) -> 0 | L77: =B77*K77 -> 0 | M77: MAR 07 2018 | N77: MAR 07 2020
A78: 171700 | B78: 60 | C78: =SUM(B78*5) -> 300 | D78: 0 | E78: 0 | F78: 0 | G78: 0 | H78: 0 | I78: 0 | J78: =SUM(D78:I78) -> 0 | K78: =SUM(D78:H78) -> 0 | L78: =B78*K78 -> 0 | M78: MAR 08 2018 | N78: MAR 08 2020
A79: 171701 | B79: 60 | C79: =SUM(B79*5) -> 300 | D79: 0 | E79: 0 | F79: 0 | G79: 0 | H79: 1 | I79: 1 | J79: =SUM(D79:I79) -> 2 | K79: =SUM(D79:H79) -> 1 | L79: =B79*K79 -> 60 | M79: MAR 10 2018 | N79: MAR 10 2020
A80: 171702 | B80: 45 | C80: =SUM(B80*5) -> 225 | D80: 0 | E80: 0 | F80: 0 | G80: 0 | H80: 0 | I80: 1 | J80: =SUM(D80:I80) -> 1 | K80: =SUM(D80:H80) -> 0 | L80: =B80*K80 -> 0 | M80: MAR 12 2018 | N80: MAR 12 2020
A81: 171703 | B81: 45 | C81: =SUM(B81*5) -> 225 | D81: 0 | E81: 0 | F81: 0 | G81: 0 | H81: 0 | I81: 0 | J81: =SUM(D81:I81) -> 0 | K81: =SUM(D81:H81) -> 0 | L81: =B81*K81 -> 0 | M81: MAR 12 2018 | N81: MAR 12 2020
A82: 171704 | B82: 45 | C82: =SUM(B82*5) -> 225 | D82: 0 | E82: 0 | F82: 0 | G82: 0 | H82: 0 | I82: 0 | J82: =SUM(D82:I82) -> 0 | K82: =SUM(D82:H82) -> 0 | L82: =B82*K82 -> 0 | M82: MAR 12 2018 | N82: MAR 12 2020
A83: 171705 | B83: 60 | C83: =SUM(B83*5) -> 300 | D83: 0 | E83: 0 | F83: 0 | G83: 0 | H83: 0 | I83: 1 | J83: =SUM(D83:I83) -> 1 | K83: =SUM(D83:H83) -> 0 | L83: =B83*K83 -> 0 | M83: MAR 14 2018 | N83: MAR 14 2020 | O83: last once transrered to new #192278 0/7
A84: 171706 | B84: 60 | C84: =SUM(B84*5) -> 300 | D84: 0 | E84: 0 | F84: 0 | G84: 0 | H84: 0 | I84: 0 | J84: =SUM(D84:I84) -> 0 | K84: =SUM(D84:H84) -> 0 | L84: =B84*K84 -> 0 | M84: MAR 14 2018 | N84: MAR 14 2020
A85: 171707 | B85: 45 | C85: =SUM(B85*5) -> 225 | D85: 0 | E85: 0 | F85: 0 | G85: 0 | H85: 0 | I85: 0 | J85: =SUM(D85:I85) -> 0 | K85: =SUM(D85:H85) -> 0 | L85: =B85*K85 -> 0 | M85: MAR 15 2018 | N85: MAR 15 2020
A86: 171708 | B86: 60 | C86: =SUM(B86*5) -> 300 | D86: 0 | E86: 0 | F86: 0 | G86: 0 | H86: 0 | I86: 0 | J86: =SUM(D86:I86) -> 0 | K86: =SUM(D86:H86) -> 0 | L86: =B86*K86 -> 0 | M86: MAR 16 2018 | N86: MAR 16 2020
A87: 171709 | B87: 60 | C87: =SUM(B87*5) -> 300 | D87: 0 | E87: 0 | F87: 0 | G87: 0 | H87: 0 | I87: 0 | J87: =SUM(D87:I87) -> 0 | K87: =SUM(D87:H87) -> 0 | L87: =B87*K87 -> 0 | M87: MAR 17 2018 | N87: MAR 17 2020
A88: 171710 | C88: =SUM(B88*5) -> 0 | J88: =SUM(D88:I88) -> 0 | K88: =SUM(D88:H88) -> 0 | L88: =B88*K88 -> 0 | M88: CANCELLED and returned
A89: 171711 | B89: 60 | C89: =SUM(B89*5) -> 300 | D89: 0 | E89: 0 | F89: 0 | G89: 0 | H89: 0 | I89: 0 | J89: =SUM(D89:I89) -> 0 | K89: =SUM(D89:H89) -> 0 | L89: =B89*K89 -> 0 | M89: MAR 17 2018 | N89: MAR 17 2020
A90: 171712 | B90: 60 | C90: =SUM(B90*5) -> 300 | D90: 0 | E90: 0 | F90: 0 | G90: 0 | H90: 0 | I90: 0 | J90: =SUM(D90:I90) -> 0 | K90: =SUM(D90:H90) -> 0 | L90: =B90*K90 -> 0 | M90: MAR 18 2018 | N90: MAR 18 2020
A91: 171713 | B91: 50 | C91: =SUM(B91*5) -> 250 | D91: 0 | E91: 0 | F91: 0 | G91: 0 | H91: 0 | I91: 0 | J91: =SUM(D91:I91) -> 0 | K91: =SUM(D91:H91) -> 0 | L91: =B91*K91 -> 0 | M91: MAR 18 2018 | N91: MAR 18 2020
A92: 171714 | B92: 50 | C92: =SUM(B92*5) -> 250 | D92: 0 | E92: 0 | F92: 0 | G92: 0 | H92: 0 | I92: 0 | J92: =SUM(D92:I92) -> 0 | K92: =SUM(D92:H92) -> 0 | L92: =B92*K92 -> 0 | M92: MAR 18 2018 | N92: MAR 18 2020
A93: 171715 | B93: 45 | C93: =SUM(B93*5) -> 225 | D93: 1 | E93: 1 | F93: 1 | G93: 1 | H93: 1 | I93: 1 | J93: =SUM(D93:I93) -> 6 | K93: =SUM(D93:H93) -> 5 | L93: =B93*K93 -> 225 | M93: MAR 20 2018 | N93: MAR 20 2020
A94: 171716 | B94: 60 | C94: =SUM(B94*5) -> 300 | D94: 0 | E94: 0 | F94: 0 | G94: 0 | H94: 0 | I94: 0 | J94: =SUM(D94:I94) -> 0 | K94: =SUM(D94:H94) -> 0 | L94: =B94*K94 -> 0 | M94: MAR 20 2018 | N94: MAR 20 2020
A95: 171717 | B95: 45 | C95: =SUM(B95*5) -> 225 | D95: 0 | E95: 0 | F95: 0 | G95: 0 | H95: 1 | I95: 1 | J95: =SUM(D95:I95) -> 2 | K95: =SUM(D95:H95) -> 1 | L95: =B95*K95 -> 45 | M95: MAR 22 2018 | N95: MAR 22 2020
A96: 171718 | B96: 45 | C96: =SUM(B96*5) -> 225 | D96: 0 | E96: 0 | F96: 0 | G96: 0 | H96: 0 | I96: 0 | J96: =SUM(D96:I96) -> 0 | K96: =SUM(D96:H96) -> 0 | L96: =B96*K96 -> 0 | M96: MAR 22 2018 | N96: MAR 22 2020
A97: 171719 | B97: 60 | C97: =SUM(B97*5) -> 300 | D97: 0 | E97: 0 | F97: 0 | G97: 0 | H97: 0 | I97: 0 | J97: =SUM(D97:I97) -> 0 | K97: =SUM(D97:H97) -> 0 | L97: =B97*K97 -> 0 | M97: MAR 22 2018 | N97: MAR 22 2020
A98: 171720 | B98: 45 | C98: =SUM(B98*5) -> 225 | D98: 0 | E98: 1 | F98: 1 | G98: 1 | H98: 1 | I98: 1 | J98: =SUM(D98:I98) -> 5 | K98: =SUM(D98:H98) -> 4 | L98: =B98*K98 -> 180 | M98: MAR 24 2018 | N98: MAR 24 2020
A99: 171721 | B99: 45 | C99: =SUM(B99*5) -> 225 | D99: 0 | E99: 0 | F99: 0 | G99: 0 | H99: 0 | I99: 0 | J99: =SUM(D99:I99) -> 0 | K99: =SUM(D99:H99) -> 0 | L99: =B99*K99 -> 0 | M99: MAR 24 2018 | N99: MAR 24 2020
A100: 171722 | B100: 45 | C100: =SUM(B100*5) -> 225 | D100: 0 | E100: 0 | F100: 0 | G100: 0 | H100: 0 | I100: 0 | J100: =SUM(D100:I100) -> 0 | K100: =SUM(D100:H100) -> 0 | L100: =B100*K100 -> 0 | M100: MAR 25 2018 | N100: MAR 25 2020
... A110: 171732 | B110: 60 | C110: =SUM(B110*5) -> 300 | D110: 0 | E110: 0 | F110: 0 | G110: 0 | H110: 0 | I110: 0 | J110: =SUM(D110:I110) -> 0 | K110: =SUM(D110:H110) -> 0 | L110: =B110*K110 -> 0 | M110: MAR 29 2018 | N110: MAR 29 2020
A111: 171733 | B111: 50 | C111: =SUM(B111*5) -> 250 | D111: 0 | E111: 0 | F111: 0 | G111: 0 | H111: 0 | I111: 0 | J111: =SUM(D111:I111) -> 0 | K111: =SUM(D111:H111) -> 0 | L111: =B111*K111 -> 0 | M111: APRIL03 2018 APRIL 03 2020
A112: 171734 | B112: 90 | C112: =SUM(B112*5) -> 450 | D112: 0 | E112: 0 | F112: 0 | G112: 0 | H112: 0 | I112: 1 | J112: =SUM(D112:I112) -> 1 | K112: =SUM(D112:H112) -> 0 | L112: =B112*K112 -> 0 | M112: APRIL04 2018 | N112: APRIL04 2020
A113: 171735 | B113: 60 | C113: =SUM(B113*5) -> 300 | D113: 0 | E113: 0 | F113: 0 | G113: 0 | H113: 0 | I113: 0 | J113: =SUM(D113:I113) -> 0 | K113: =SUM(D113:H113) -> 0 | L113: =B113*K113 -> 0 | M113: APRIL06 2018 | N113: APRIL06 2020
A114: 171736 | B114: 45 | C114: =SUM(B114*5) -> 225 | D114: 0 | E114: 0 | F114: 0 | G114: 0 | H114: 0 | I114: 0 | J114: =SUM(D114:I114) -> 0 | K114: =SUM(D114:H114) -> 0 | L114: =B114*K114 -> 0 | M114: APRIL06 2018 | N114: APRIL06 2020
A115: 171737 | B115: 60 | C115: =SUM(B115*5) -> 300 | D115: 0 | E115: 0 | F115: 0 | G115: 0 | H115: 0 | I115: 0 | J115: =SUM(D115:I115) -> 0 | K115: =SUM(D115:H115) -> 0 | L115: =B115*K115 -> 0 | M115: APRIL07 2018 | N115: APRIL07 2020
A116: 171738 | B116: 45 | C116: =SUM(B116*5) -> 225 | D116: 0 | E116: 0 | F116: 0 | G116: 0 | H116: 0 | I116: 0 | J116: =SUM(D116:I116) -> 0 | K116: =SUM(D116:H116) -> 0 | L116: =B116*K116 -> 0 | M116: APRIL07 2018 | N116: APRIL07 2020
A117: 171739 | B117: 60 | C117: =SUM(B117*5) -> 300 | D117: 0 | E117: 0 | F117: 0 | G117: 0 | H117: 0 | I117: 0 | J117: =SUM(D117:I117) -> 0 | K117: =SUM(D117:H117) -> 0 | L117: =B117*K117 -> 0 | M117: APRIL07 2018 | N117: APRIL07 2020
A118: 181740 | B118: 60 | C118: =SUM(B118*5) -> 300 | D118: 0 | E118: 0 | F118: 0 | G118: 0 | H118: 0 | I118: 0 | J118: =SUM(D118:I118) -> 0 | K118: =SUM(D118:H118) -> 0 | L118: =B118*K118 -> 0 | M118: APRIL07 2018 | N118: APRIL07 2020
A119: 181741 | B119: 60 | C119: =SUM(B119*5) -> 300 | D119: 0 | E119: 0 | F119: 0 | G119: 0 | H119: 0 | I119: 0 | J119: =SUM(D119:I119) -> 0 | K119: =SUM(D119:H119) -> 0 | L119: =B119*K119 -> 0 | M119: APRIL07 2018 | N119: APRIL07 2020
A120: 181742 | B120: 45 | C120: =SUM(B120*5) -> 225 | D120: 0 | E120: 0 | F120: 0 | G120: 0 | H120: 0 | I120: 0 | J120: =SUM(D120:I120) -> 0 | K120: =SUM(D120:H120) -> 0 | L120: =B120*K120 -> 0 | M120: APRIL08 2018 | N120: APRIL08 2020
A121: 181743 | B121: 60 | C121: =SUM(B121*5) -> 300 | D121: 0 | E121: 0 | F121: 1 | G121: 1 | H121: 1 | I121: 1 | J121: =SUM(D121:I121) -> 4 | K121: =SUM(D121:H121) -> 3 | L121: =B121*K121 -> 180 | M121: APRIL08 2018 | N121: APRIL08 2020
A122: 181744 | B122: 60 | C122: =SUM(B122*5) -> 300 | D122: 0 | E122: 0 | F122: 0 | G122: 0 | H122: 0 | I122: 0 | J122: =SUM(D122:I122) -> 0 | K122: =SUM(D122:H122) -> 0 | L122: =B122*K122 -> 0 | M122: APRIL08 2018 | N122: APRIL08 2020
...

Sheet 2019
C1: Amount | L1: Amount | N1: UNCLAIMED
A2: Numbers | C2: sold | L2: Unclaimed | N2: Percentage
C3: =SUM(C6:C824) -> 162030 | L3: =SUM(L6:L621) -> 21735 | N3: =L3/C3 -> 0.13414183
A4: No | B4: Unit | C4: Sales | J4: Service(s) | K4: Value | L4: $ | M4: issued on | N4: expires at | O4: Customer | P4: Phone | Q4: e-mail
B5: Price | C5: Price | D5: (USED) | J5: left | K5: left | L5: left | O5: Name
A6: 182107 | B6: 60 | C6: =SUM(B6*5) -> 300 | D6: 0 | E6: 0 | F6: 0 | G6: 0 | H6: 0 | I6: 1 | J6: =SUM(D6:I6) -> 1 | K6: =SUM(D6:H6) -> 0 | L6: =B6*K6 -> 0 | M6: JAN 03 2019 | N6: JAN 03 2021
A7: 182108 | B7: 60 | C7: =SUM(B7*5) -> 300 | D7: 0 | E7: 0 | F7: 0 | G7: 0 | H7: 0 | I7: 0 | J7: =SUM(D7:I7) -> 0 | K7: =SUM(D7:H7) -> 0 | L7: =B7*K7 -> 0 | M7: JAN 05 2019 | N7: JAN 05 2021 | O7: EXTRA 1 DLX
A8: 182109 | B8: 90 | C8: =SUM(B8*5) -> 450 | D8: 0 | E8: 0 | F8: 1 | G8: 1 | H8: 1 | I8: 1 | J8: =SUM(D8:I8) -> 4 | K8: =SUM(D8:H8) -> 3 | L8: =B8*K8 -> 270 | M8: JAN 05 2019 | N8: JAN 05 2021
A9: 182110 | B9: 45 | C9: =SUM(B9*5) -> 225 | D9: 0 | E9: 0 | F9: 0 | G9: 0 | H9: 0 | I9: 0 | J9: =SUM(D9:I9) -> 0 | K9: =SUM(D9:H9) -> 0 | L9: =B9*K9 -> 0 | M9: JAN 06 2019 | N9: JAN 06 2021
A10: 182111 | B10: 45 | C10: =SUM(B10*5) -> 225 | D10: 0 | E10: 0 | F10: 0 | G10: 0 | H10: 0 | I10: 0 | J10: =SUM(D10:I10) -> 0 | K10: =SUM(D10:H10) -> 0 | L10: =B10*K10 -> 0 | M10: JAN 09 2019 | N10: JAN 09 2021
A11: 182112 | B11: 50 | C11: =SUM(B11*5) -> 250 | D11: 0 | E11: 0 | F11: 0 | G11: 0 | H11: 0 | I11: 0 | J11: =SUM(D11:I11) -> 0 | K11: =SUM(D11:H11) -> 0 | L11: =B11*K11 -> 0 | M11: JAN 09 2019 | N11: JAN 09 2021
A12: 182113 | B12: 60 | C12: =SUM(B12*5) -> 300 | D12: 0 | E12: 0 | F12: 0 | G12: 0 | H12: 0 | I12: 0 | J12: =SUM(D12:I12) -> 0 | K12: =SUM(D12:H12) -> 0 | L12: =B12*K12 -> 0 | M12: JAN 10 2019 | N12: JAN 10 2021
A13: 182114 | B13: 60 | C13: =SUM(B13*5) -> 300 | D13: 0 | E13: 0 | F13: 0 | G13: 0 | H13: 0 | I13: 1 | J13: =SUM(D13:I13) -> 1 | K13: =SUM(D13:H13) -> 0 | L13: =B13*K13 -> 0 | M13: JAN 11 2019 | N13: JAN 11 2021
A14: 182115 | B14: 45 | C14: =SUM(B14*5) -> 225 | D14: 0 | E14: 0 | F14: 0 | G14: 0 | H14: 0 | I14: 0 | J14: =SUM(D14:I14) -> 0 | K14: =SUM(D14:H14) -> 0 | L14: =B14*K14 -> 0 | M14: JAN 12 2019 | N14: JAN 12 2021
A15: 182116 | B15: 45 | C15: =SUM(B15*5) -> 225 | D15: 0 | E15: 0 | F15: 0 | G15: 0 | H15: 0 | I15: 0 | J15: =SUM(D15:I15) -> 0 | K15: =SUM(D15:H15) -> 0 | L15: =B15*K15 -> 0 | M15: JAN 12 2019 | N15: JAN 12 2021
A16: 182117 | B16: 60 | C16: =SUM(B16*5) -> 300 | D16: 0 | E16: 0 | F16: 0 | G16: 0 | H16: 0 | I16: 0 | J16: =SUM(D16:I16) -> 0 | K16: =SUM(D16:H16) -> 0 | L16: =B16*K16 -> 0 | M16: JAN 12 2019 | N16: JAN 12 2021
A17: 182118 | B17: 45 | C17: =SUM(B17*5) -> 225 | D17: 0 | E17: 0 | F17: 0 | G17: 0 | H17: 0 | I17: 1 | J17: =SUM(D17:I17) -> 1 | K17: =SUM(D17:H17) -> 0 | L17: =B17*K17 -> 0 | M17: JAN 13 2019 | N17: JAN 13 2021
A18: 182119 | B18: 90 | C18: =SUM(B18*5) -> 450 | D18: 0 | E18: 0 | F18: 0 | G18: 0 | H18: 0 | I18: 0 | J18: =SUM(D18:I18) -> 0 | K18: =SUM(D18:H18) -> 0 | L18: =B18*K18 -> 0 | M18: JAN 14 2019 | N18: JAN 14 2021
A19: 182120 | B19: 45 | C19: =SUM(B19*5) -> 225 | D19: 0 | E19: 0 | F19: 0 | G19: 0 | H19: 1 | I19: 1 | J19: =SUM(D19:I19) -> 2 | K19: =SUM(D19:H19) -> 1 | L19: =B19*K19 -> 45 | M19: JAN 15 2019 | N19: JAN 15 2021
... A42: 192143 | B42: 60 | C42: =SUM(B42*5) -> 300 | D42: 0 | E42: 0 | F42: 0 | G42: 0 | H42: 0 | I42: 0 | J42: =SUM(D42:I42) -> 0 | K42: =SUM(D42:H42) -> 0 | L42: =B42*K42 -> 0 | M42: JAN 27 2019 | N42: JAN 27 2021
A43: 192144 | C43: =SUM(B43*5) -> 0 | D43: 1 | E43: 1 | F43: 1 | G43: 1 | H43: 1 | I43: 1 | J43: =SUM(D43:I43) -> 6 | K43: =SUM(D43:H43) -> 5 | L43: =B43*K43 -> 0 | M43: Cancel to buy, returned
A44: 192145 | B44: 45 | C44: =SUM(B44*5) -> 225 | D44: 0 | E44: 0 | F44: 0 | G44: 0 | H44: 0 | I44: 0 | J44: =SUM(D44:I44) -> 0 | K44: =SUM(D44:H44) -> 0 | L44: =B44*K44 -> 0 | M44: JAN 28 2019 | N44: JAN 28 2021
A45: 192146 | B45: 45 | C45: =SUM(B45*5) -> 225 | D45: 0 | E45: 0 | F45: 0 | G45: 0 | H45: 0 | I45: 0 | J45: =SUM(D45:I45) -> 0 | K45: =SUM(D45:H45) -> 0 | L45: =B45*K45 -> 0 | M45: JAN 29 2019 | N45: JAN 29 2021
A46: 192147 | B46: 45 | C46: =SUM(B46*5) -> 225 | D46: 0 | E46: 0 | F46: 0 | G46: 0 | H46: 0 | I46: 0 | J46: =SUM(D46:I46) -> 0 | K46: =SUM(D46:H46) -> 0 | L46: =B46*K46 -> 0 | M46: JAN 30 2019 | N46: JAN 30 2021
A47: 192148 | B47: 60 | C47: =SUM(B47*5) -> 300 | D47: 0 | E47: 0 | F47: 0 | G47: 0 | H47: 0 | I47: 0 | J47: =SUM(D47:I47) -> 0 | K47: =SUM(D47:H47) -> 0 | L47: =B47*K47 -> 0 | M47: JAN 30 2019 | N47: JAN 30 2021
A48: 192149 | B48: 60 | C48: =SUM(B48*5) -> 300 | D48: 0 | E48: 0 | F48: 0 | G48: 0 | H48: 0 | I48: 0 | J48: =SUM(D48:I48) -> 0 | K48: =SUM(D48:H48) -> 0 | L48: =B48*K48 -> 0 | M48: JAN 31 2019 | N48: JAN 31 2021
A49: 192150 | B49: 60 | C49: =SUM(B49*5) -> 300 | D49: 0 | E49: 0 | F49: 1 | G49: 1 | H49: 1 | I49: 1 | J49: =SUM(D49:I49) -> 4 | K49: =SUM(D49:H49) -> 3 | L49: =B49*K49 -> 180 | M49: FEB 01 2019 | N49: FEB 01 2021
A50: 192151 | B50: 45 | C50: =SUM(B50*5) -> 225 | D50: 0 | E50: 0 | F50: 0 | G50: 0 | H50: 0 | I50: 0 | J50: =SUM(D50:I50) -> 0 | K50: =SUM(D50:H50) -> 0 | L50: =B50*K50 -> 0 | M50: FEB 01 2019 | N50: FEB 01 2021
A51: 192152 | B51: 45 | C51: =SUM(B51*5) -> 225 | D51: 0 | E51: 0 | F51: 0 | G51: 0 | H51: 0 | I51: 0 | J51: =SUM(D51:I51) -> 0 | K51: =SUM(D51:H51) -> 0 | L51: =B51*K51 -> 0 | M51: FEB 01 2019 | N51: FEB 01 2021
A52: 192153 | B52: 60 | C52: =SUM(B52*5) -> 300 | D52: 0 | E52: 0 | F52: 0 | G52: 0 | H52: 0 | I52: 0 | J52: =SUM(D52:I52) -> 0 | K52: =SUM(D52:H52) -> 0 | L52: =B52*K52 -> 0 | M52: FEB 02 2019 | N52: FEB 02 2021
A53: 192154 | B53: 70 | C53: =SUM(B53*5) -> 350 | D53: 0 | E53: 0 | F53: 0 | G53: 0 | H53: 0 | I53: 0 | J53: =SUM(D53:I53) -> 0 | K53: =SUM(D53:H53) -> 0 | L53: =B53*K53 -> 0 | M53: FEB 02 2019 | N53: FEB 02 2021
A54: 192155 | B54: 70 | C54: =SUM(B54*5) -> 350 | D54: 0 | E54: 0 | F54: 0 | G54: 0 | H54: 0 | I54: 0 | J54: =SUM(D54:I54) -> 0 | K54: =SUM(D54:H54) -> 0 | L54: =B54*K54 -> 0 | M54: FEB 02 2019 | N54: FEB 02 2021
A55: 192156 | B55: 50 | C55: =SUM(B55*5) -> 250 | D55: 0 | E55: 1 | F55: 1 | G55: 1 | H55: 1 | I55: 1 | J55: =SUM(D55:I55) -> 5 | K55: =SUM(D55:H55) -> 4 | L55: =B55*K55 -> 200 | M55: FEB 03 2019 | N55: FEB 03 2021
... A61: 192162 | B61: 45 | C61: =SUM(B61*5) -> 225 | D61: 0 | E61: 0 | F61: 0 | G61: 0 | H61: 0 | I61: 0 | J61: =SUM(D61:I61) -> 0 | K61: =SUM(D61:H61) -> 0 | L61: =B61*K61 -> 0 | M61: FEB 06 2019 | N61: FEB 06 2021
A62: 192163 | B62: 45 | C62: =SUM(B62*5) -> 225 | D62: 0 | E62: 0 | F62: 0 | G62: 0 | H62: 0 | I62: 0 | J62: =SUM(D62:I62) -> 0 | K62: =SUM(D62:H62) -> 0 | L62: =B62*K62 -> 0 | M62: FEB 07 2019 | N62: FEB 07 2021 | O62: TRANSFERRED ONE DLX FROM OLD GV
A63: 192164 | B63: 90 | C63: =SUM(B63*5) -> 450 | D63: 0 | E63: 0 | F63: 0 | G63: 0 | H63: 1 | I63: 1 | J63: =SUM(D63:I63) -> 2 | K63: =SUM(D63:H63) -> 1 | L63: =B63*K63 -> 90 | M63: FEB 07 2019 | N63: FEB 07 2021
A64: 192165 | B64: 60 | C64: =SUM(B64*5) -> 300 | D64: 0 | E64: 0 | F64: 0 | G64: 0 | H64: 0 | I64: 0 | J64: =SUM(D64:I64) -> 0 | K64: =SUM(D64:H64) -> 0 | L64: =B64*K64 -> 0 | M64: FEB 08 2019 | N64: FEB 08 2021
A65: 192166 | B65: 60 | C65: =SUM(B65*5) -> 300 | D65: 0 | E65: 0 | F65: 0 | G65: 1 | H65: 1 | I65: 1 | J65: =SUM(D65:I65) -> 3 | K65: =SUM(D65:H65) -> 2 | L65: =B65*K65 -> 120 | M65: FEB 08 2019 | N65: FEB 08 2021
A66: 192167 | B66: 50 | C66: =SUM(B66*5) -> 250 | D66: 0 | E66: 0 | F66: 0 | G66: 0 | H66: 0 | I66: 0 | J66: =SUM(D66:I66) -> 0 | K66: =SUM(D66:H66) -> 0 | L66: =B66*K66 -> 0 | M66: FEB 09 2019 | N66: FEB 09 2021
A67: 192168 | B67: 45 | C67: =SUM(B67*5) -> 225 | D67: 0 | E67: 0 | F67: 0 | G67: 0 | H67: 0 | I67: 0 | J67: =SUM(D67:I67) -> 0 | K67: =SUM(D67:H67) -> 0 | L67: =B67*K67 -> 0 | M67: FEB 09 2019 | N67: FEB 09 2021
A68: 192169 | B68: 0 | C68: =SUM(B68*5) -> 0 | D68: 1 | E68: 1 | F68: 1 | G68: 1 | H68: 1 | I68: 1 | J68: =SUM(D68:I68) -> 6 | K68: =SUM(D68:H68) -> 5 | L68: =B68*K68 -> 0 | M68: FEB 09 2019 | N68: MAY 09 2019 | O68: COMP
A69: 192170 | B69: 60 | C69: =SUM(B69*5) -> 300 | D69: 0 | E69: 0 | F69: 0 | G69: 0 | H69: 0 | I69: 0 | J69: =SUM(D69:I69) -> 0 | K69: =SUM(D69:H69) -> 0 | L69: =B69*K69 -> 0 | M69: FEB 10 2019 | N69: FEB 10 2021
A70: 192171 | B70: 60 | C70: =SUM(B70*5) -> 300 | D70: 0 | E70: 0 | F70: 0 | G70: 0 | H70: 0 | I70: 0 | J70: =SUM(D70:I70) -> 0 | K70: =SUM(D70:H70) -> 0 | L70: =B70*K70 -> 0 | M70: FEB 10 2019 | N70: FEB 10 2021
A71: 192172 | B71: 45 | C71: =SUM(B71*5) -> 225 | D71: 0 | E71: 0 | F71: 0 | G71: 0 | H71: 0 | I71: 0 | J71: =SUM(D71:I71) -> 0 | K71: =SUM(D71:H71) -> 0 | L71: =B71*K71 -> 0 | M71: FEB 11 2019 | N71: FEB 11 2021
A72: 192173 | B72: 45 | C72: =SUM(B72*5) -> 225 | D72: 0 | E72: 0 | F72: 0 | G72: 0 | H72: 0 | I72: 0 | J72: =SUM(D72:I72) -> 0 | K72: =SUM(D72:H72) -> 0 | L72: =B72*K72 -> 0 | M72: FEB 11 2019 | N72: FEB 11 2021
A73: 192174 | B73: 50 | C73: =SUM(B73*5) -> 250 | D73: 0 | E73: 0 | F73: 0 | G73: 0 | H73: 0 | I73: 1 | J73: =SUM(D73:I73) -> 1 | K73: =SUM(D73:H73) -> 0 | L73: =B73*K73 -> 0 | M73: FEB 11 2019 | N73: FEB 11 2021
A74: 192175 | B74: 45 | C74: =SUM(B74*5) -> 225 | D74: 0 | E74: 0 | F74: 0 | G74: 0 | H74: 0 | I74: 0 | J74: =SUM(D74:I74) -> 0 | K74: =SUM(D74:H74) -> 0 | L74: =B74*K74 -> 0 | M74: FEB 11 2019 | N74: FEB 11 2021 | O74: EXTRA 1 DLX
A75: 192176 | B75: 60 | C75: =SUM(B75*5) -> 300 | D75: 0 | E75: 0 | F75: 0 | G75: 0 | H75: 0 | I75: 0 | J75: =SUM(D75:I75) -> 0 | K75: =SUM(D75:H75) -> 0 | L75: =B75*K75 -> 0 | M75: FEB 11 2019 | N75: FEB 11 2021
A76: 192177 | B76: 45 | C76: =SUM(B76*5) -> 225 | D76: 0 | E76: 0 | F76: 0 | G76: 0 | H76: 0 | I76: 0 | J76: =SUM(D76:I76) -> 0 | K76: =SUM(D76:H76) -> 0 | L76: =B76*K76 -> 0 | M76: FEB 12 2019 | N76: FEB 12 2021
A77: 192178 | B77: 45 | C77: =SUM(B77*5) -> 225 | D77: 0 | E77: 0 | F77: 0 | G77: 1 | H77: 1 | I77: 1 | J77: =SUM(D77:I77) -> 3 | K77: =SUM(D77:H77) -> 2 | L77: =B77*K77 -> 90 | M77: FEB 12 2019 | N77: FEB 12 2021
A78: 192179 | B78: 60 | C78: =SUM(B78*5) -> 300 | D78: 0 | E78: 0 | F78: 0 | G78: 0 | H78: 0 | I78: 0 | J78: =SUM(D78:I78) -> 0 | K78: =SUM(D78:H78) -> 0 | L78: =B78*K78 -> 0 | M78: FEB 13 2019 | N78: FEB 13 2021
A79: 192180 | B79: 45 | C79: =SUM(B79*5) -> 225 | D79: 0 | E79: 0 | F79: 0 | G79: 0 | H79: 0 | I79: 1 | J79: =SUM(D79:I79) -> 1 | K79: =SUM(D79:H79) -> 0 | L79: =B79*K79 -> 0 | M79: FEB 13 2019 | N79: FEB 13 2021
A80: 192181 | B80: 45 | C80: =SUM(B80*5) -> 225 | D80: 0 | E80: 0 | F80: 0 | G80: 0 | H80: 1 | I80: 1 | J80: =SUM(D80:I80) -> 2 | K80: =SUM(D80:H80) -> 1 | L80: =B80*K80 -> 45 | M80: FEB 13 2019 | N80: FEB 13 2021
A81: 192182 | B81: 50 | C81: =SUM(B81*5) -> 250 | D81: 0 | E81: 0 | F81: 0 | G81: 0 | H81: 0 | I81: 0 | J81: =SUM(D81:I81) -> 0 | K81: =SUM(D81:H81) -> 0 | L81: =B81*K81 -> 0 | M81: FEB 14 2019 | N81: FEB 14 2021
A82: 192183 | B82: 50 | C82: =SUM(B82*5) -> 250 | D82: 0 | E82: 0 | F82: 0 | G82: 0 | H82: 0 | I82: 1 | J82: =SUM(D82:I82) -> 1 | K82: =SUM(D82:H82) -> 0 | L82: =B82*K82 -> 0 | M82: FEB 14 2019 | N82: FEB 14 2021
A83: 192184 | B83: 45 | C83: =SUM(B83*5) -> 225 | D83: 0 | E83: 0 | F83: 0 | G83: 0 | H83: 0 | I83: 1 | J83: =SUM(D83:I83) -> 1 | K83: =SUM(D83:H83) -> 0 | L83: =B83*K83 -> 0 | M83: FEB 14 2019 | N83: FEB 14 2021
A84: 192185 | B84: 60 | C84: =SUM(B84*5) -> 300 | D84: 0 | E84: 0 | F84: 0 | G84: 0 | H84: 0 | I84: 0 | J84: =SUM(D84:I84) -> 0 | K84: =SUM(D84:H84) -> 0 | L84: =B84*K84 -> 0 | M84: FEB 14 2019 | N84: FEB 14 2021
A85: 192186 | B85: 45 | C85: =SUM(B85*5) -> 225 | D85: 0 | E85: 0 | F85: 0 | G85: 0 | H85: 0 | I85: 0 | J85: =SUM(D85:I85) -> 0 | K85: =SUM(D85:H85) -> 0 | L85: =B85*K85 -> 0 | M85: FEB 15 2019 | N85: FEB 15 2021
A86: 192187 | B86: 70 | C86: =SUM(B86*5) -> 350 | D86: 0 | E86: 0 | F86: 0 | G86: 0 | H86: 0 | I86: 0 | J86: =SUM(D86:I86) -> 0 | K86: =SUM(D86:H86) -> 0 | L86: =B86*K86 -> 0 | M86: FEB 15 2019 | N86: FEB 15 2021
... A96: 192197 | B96: 60 | C96: =SUM(B96*5) -> 300 | D96: 0 | E96: 1 | F96: 1 | G96: 1 | H96: 1 | I96: 1 | J96: =SUM(D96:I96) -> 5 | K96: =SUM(D96:H96) -> 4 | L96: =B96*K96 -> 240 | M96: FEB 17 2019 | N96: FEB 17 2021
A97: 192198 | B97: 45 | C97: =SUM(B97*5) -> 225 | D97: 0 | E97: 0 | F97: 0 | G97: 0 | H97: 0 | I97: 0 | J97: =SUM(D97:I97) -> 0 | K97: =SUM(D97:H97) -> 0 | L97: =B97*K97 -> 0 | M97: FEB 18 2019 | N97: FEB 18 2021 | O97: TRANSFERRED ONE DLX FROM OLD GV
A98: 192199 | B98: 60 | C98: =SUM(B98*5) -> 300 | D98: 0 | E98: 0 | F98: 0 | G98: 0 | H98: 0 | I98: 1 | J98: =SUM(D98:I98) -> 1 | K98: =SUM(D98:H98) -> 0 | L98: =B98*K98 -> 0 | M98: FEB 19 2019 | N98: FEB 19 2021
A99: 192200 | B99: 45 | C99: =SUM(B99*5) -> 225 | D99: 0 | E99: 0 | F99: 0 | G99: 0 | H99: 0 | I99: 1 | J99: =SUM(D99:I99) -> 1 | K99: =SUM(D99:H99) -> 0 | L99: =B99*K99 -> 0 | M99: FEB 19 2019 | N99: FEB 19 2021
A100: 192201 | B100: 45 | C100: =SUM(B100*5) -> 225 | D100: 0 | E100: 0 | F100: 0 | G100: 1 | H100: 1 | I100: 1 | J100: =SUM(D100:I100) -> 3 | K100: =SUM(D100:H100) -> 2 | L100: =B100*K100 -> 90 | M100: FEB 19 2019 | N100: FEB 19 2021
A101: 192202 | B101: 60 | C101: =SUM(B101*5) -> 300 | D101: 0 | E101: 0 | F101: 0 | G101: 0 | H101: 0 | I101: 0 | J101: =SUM(D101:I101) -> 0 | K101: =SUM(D101:H101) -> 0 | L101: =B101*K101 -> 0 | M101: FEB 20 2019 | N101: FEB 20 2021
A102: 192203 | B102: 60 | C102: =SUM(B102*5) -> 300 | D102: 0 | E102: 0 | F102: 0 | G102: 1 | H102: 1 | I102: 1 | J102: =SUM(D102:I102) -> 3 | K102: =SUM(D102:H102) -> 2 | L102: =B102*K102 -> 120 | M102: FEB 21 2019 | N102: FEB 21 2021
A103: 192204 | B103: 45 | C103: =SUM(B103*5) -> 225 | D103: 1 | E103: 1 | F103: 1 | G103: 1 | H103: 1 | I103: 1 | J103: =SUM(D103:I103) -> 6 | K103: =SUM(D103:H103) -> 5 | L103: =B103*K103 -> 225 | M103: FEB 22 2019 | N103: FEB 22 2021
A104: 192205 | B104: 90 | C104: =SUM(B104*5) -> 450 | D104: 0 | E104: 0 | F104: 0 | G104: 0 | H104: 0 | I104: 0 | J104: =SUM(D104:I104) -> 0 | K104: =SUM(D104:H104) -> 0 | L104: =B104*K104 -> 0 | M104: FEB 23 2019 | N104: FEB 23 2021
A105: 192206 | B105: 60 | C105: =SUM(B105*5) -> 300 | D105: 0 | E105: 0 | F105: 0 | G105: 0 | H105: 0 | I105: 0 | J105: =SUM(D105:I105) -> 0 | K105: =SUM(D105:H105) -> 0 | L105: =B105*K105 -> 0 | M105: FEB 24 2019 | N105: FEB 24 2021
A106: 192207 | B106: 45 | C106: =SUM(B106*5) -> 225 | D106: 0 | E106: 0 | F106: 0 | G106: 0 | H106: 0 | I106: 0 | J106: =SUM(D106:I106) -> 0 | K106: =SUM(D106:H106) -> 0 | L106: =B106*K106 -> 0 | M106: FEB 24 2019 | N106: FEB 24 2021
A107: 192208 | B107: 60 | C107: =SUM(B107*5) -> 300 | D107: 0 | E107: 0 | F107: 0 | G107: 0 | H107: 1 | I107: 1 | J107: =SUM(D107:I107) -> 2 | K107: =SUM(D107:H107) -> 1 | L107: =B107*K107 -> 60 | M107: FEB 26 2019 | N107: FEB 26 2021
A108: 192209 | B108: 60 | C108: =SUM(B108*5) -> 300 | D108: 0 | E108: 0 | F108: 0 | G108: 0 | H108: 0 | I108: 0 | J108: =SUM(D108:I108) -> 0 | K108: =SUM(D108:H108) -> 0 | L108: =B108*K108 -> 0 | M108: FEB 26 2019 | N108: FEB 26 2021
A109: 192210 | B109: 45 | C109: =SUM(B109*5) -> 225 | D109: 0 | E109: 0 | F109: 0 | G109: 0 | H109: 0 | I109: 0 | J109: =SUM(D109:I109) -> 0 | K109: =SUM(D109:H109) -> 0 | L109: =B109*K109 -> 0 | M109: FEB 27 2019 | N109: FEB 27 2021
A110: 192211 | B110: 45 | C110: =SUM(B110*5) -> 225 | D110: 0 | E110: 0 | F110: 0 | G110: 0 | H110: 1 | I110: 1 | J110: =SUM(D110:I110) -> 2 | K110: =SUM(D110:H110) -> 1 | L110: =B110*K110 -> 45 | M110: FEB 27 2019 | N110: FEB 27 2021
A111: 192212 | B111: 45 | C111: =SUM(B111*5) -> 225 | D111: 0 | E111: 0 | F111: 0 | G111: 1 | H111: 1 | I111: 1 | J111: =SUM(D111:I111) -> 3 | K111: =SUM(D111:H111) -> 2 | L111: =B111*K111 -> 90 | M111: MAR 01 2019 | N111: MAR 01 2021 | O111: TRANSFERRED 3 DLX FROM OLD GV
A112: 192213 | B112: 45 | C112: =SUM(B112*5) -> 225 | D112: 0 | E112: 0 | F112: 0 | G112: 0 | H112: 0 | I112: 0 | J112: =SUM(D112:I112) -> 0 | K112: =SUM(D112:H112) -> 0 | L112: =B112*K112 -> 0 | M112: MAR 01 2019 | N112: MAR 01 2021
A113: 192214 | B113: 45 | C113: =SUM(B113*5) -> 225 | D113: 0 | E113: 0 | F113: 0 | G113: 0 | H113: 0 | I113: 0 | J113: =SUM(D113:I113) -> 0 | K113: =SUM(D113:H113) -> 0 | L113: =B113*K113 -> 0 | M113: MAR 02 2019 | N113: MAR 02 2021
A114: 192215 | B114: 60 | C114: =SUM(B114*5) -> 300 | D114: 0 | E114: 0 | F114: 0 | G114: 0 | H114: 0 | I114: 1 | J114: =SUM(D114:I114) -> 1 | K114: =SUM(D114:H114) -> 0 | L114: =B114*K114 -> 0 | M114: MAR 02 2019 | N114: MAR 02 2021
A115: 192216 | B115: 60 | C115: =SUM(B115*5) -> 300 | D115: 0 | E115: 0 | F115: 0 | G115: 0 | H115: 0 | I115: 0 | J115: =SUM(D115:I115) -> 0 | K115: =SUM(D115:H115) -> 0 | L115: =B115*K115 -> 0 | M115: MAR 02 2019 | N115: MAR 02 2021
A116: 192217 | B116: 120 | C116: =SUM(B116*5) -> 600 | D116: 0 | E116: 0 | F116: 0 | G116: 0 | H116: 1 | I116: 1 | J116: =SUM(D116:I116) -> 2 | K116: =SUM(D116:H116) -> 1 | L116: =B116*K116 -> 120 | M116: MAR 03 2019 | N116: MAR 03 2021
A117: 192218 | B117: 60 | C117: =SUM(B117*5) -> 300 | D117: 0 | E117: 0 | F117: 0 | G117: 0 | H117: 0 | I117: 0 | J117: =SUM(D117:I117) -> 0 | K117: =SUM(D117:H117) -> 0 | L117: =B117*K117 -> 0 | M117: MAR 03 2019 | N117: MAR 03 2021
A118: 192219 | B118: 45 | C118: =SUM(B118*5) -> 225 | D118: 0 | E118: 0 | F118: 0 | G118: 0 | H118: 0 | I118: 1 | J118: =SUM(D118:I118) -> 1 | K118: =SUM(D118:H118) -> 0 | L118: =B118*K118 -> 0 | M118: MAR 03 2019 | N118: MAR 03 2021
A119: 192220 | B119: 60 | C119: =SUM(B119*5) -> 300 | D119: 0 | E119: 0 | F119: 0 | G119: 0 | H119: 0 | I119: 1 | J119: =SUM(D119:I119) -> 1 | K119: =SUM(D119:H119) -> 0 | L119: =B119*K119 -> 0 | M119: MAR 04 2019 | N119: MAR 04 2021 | O119: TRANSFERRED 2 DLX FROM OLD GV
A120: 192221 | B120: 60 | C120: =SUM(B120*5) -> 300 | D120: 0 | E120: 0 | F120: 0 | G120: 0 | H120: 0 | I120: 0 | J120: =SUM(D120:I120) -> 0 | K120: =SUM(D120:H120) -> 0 | L120: =B120*K120 -> 0 | M120: MAR 05 2019 | N120: MAR 05 2021
A121: 192222 | B121: 45 | C121: =SUM(B121*5) -> 225 | D121: 0 | E121: 0 | F121: 0 | G121: 0 | H121: 0 | I121: 0 | J121: =SUM(D121:I121) -> 0 | K121: =SUM(D121:H121) -> 0 | L121: =B121*K121 -> 0 | M121: MAR 06 2019 | N121: MAR 06 2021
A122: 192223 | B122: 60 | C122: =SUM(B122*5) -> 300 | D122: 0 | E122: 0 | F122: 1 | G122: 1 | H122: 1 | I122: 1 | J122: =SUM(D122:I122) -> 4 | K122: =SUM(D122:H122) -> 3 | L122: =B122*K122 -> 180 | M122: MAR 06 2019 | N122: MAR 06 2021
A123: 192224 | B123: 45 | C123: =SUM(B123*5) -> 225 | D123: 0 | E123: 0 | F123: 0 | G123: 0 | H123: 0 | I123: 0 | J123: =SUM(D123:I123) -> 0 | K123: =SUM(D123:H123) -> 0 | L123: =B123*K123 -> 0 | M123: MAR 07 2019 | N123: MAR 07 2021
A124: 192225 | B124: 60 | C124: =SUM(B124*5) -> 300 | D124: 0 | E124: 0 | F124: 0 | G124: 0 | H124: 0 | I124: 0 | J124: =SUM(D124:I124) -> 0 | K124: =SUM(D124:H124) -> 0 | L124: =B124*K124 -> 0 | M124: MAR 07 2019 | N124: MAR 07 2021
A125: 192226 | B125: 45 | C125: =SUM(B125*5) -> 225 | D125: 0 | E125: 0 | F125: 0 | G125: 0 | H125: 0 | I125: 0 | J125: =SUM(D125:I125) -> 0 | K125: =SUM(D125:H125) -> 0 | L125: =B125*K125 -> 0 | M125: MAR 08 2019 | N125: MAR 08 2021
A126: 192227 | B126: 60 | C126: =SUM(B126*5) -> 300 | D126: 0 | E126: 0 | F126: 0 | G126: 0 | H126: 0 | I126: 0 | J126: =SUM(D126:I126) -> 0 | K126: =SUM(D126:H126) -> 0 | L126: =B126*K126 -> 0 | M126: MAR 08 2019 | N126: MAR 08 2021
A127: 192228 | B127: 60 | C127: =SUM(B127*5) -> 300 | D127: 0 | E127: 0 | F127: 0 | G127: 0 | H127: 0 | I127: 1 | J127: =SUM(D127:I127) -> 1 | K127: =SUM(D127:H127) -> 0 | L127: =B127*K127 -> 0 | M127: MAR 08 2019 | N127: MAR 08 2021
A128: 192229 | B128: 45 | C128: =SUM(B128*5) -> 225 | D128: 0 | E128: 0 | F128: 0 | G128: 1 | H128: 1 | I128: 1 | J128: =SUM(D128:I128) -> 3 | K128: =SUM(D128:H128) -> 2 | L128: =B128*K128 -> 90 | M128: MAR 08 2019 | N128: MAR 08 2021
A129: 192230 | B129: 60 | C129: =SUM(B129*5) -> 300 | D129: 0 | E129: 0 | F129: 0 | G129: 0 | H129: 0 | I129: 0 | J129: =SUM(D129:I129) -> 0 | K129: =SUM(D129:H129) -> 0 | L129: =B129*K129 -> 0 | M129: MAR 08 2019 | N129: MAR 08 2021
A130: 192231 | B130: 45 | C130: =SUM(B130*5) -> 225 | D130: 0 | E130: 0 | F130: 0 | G130: 0 | H130: 0 | I130: 1 | J130: =SUM(D130:I130) -> 1 | K130: =SUM(D130:H130) -> 0 | L130: =B130*K130 -> 0 | M130: MAR 09 2019 | N130: MAR 09 2021
A131: 192232 | B131: 60 | C131: =SUM(B131*5) -> 300 | D131: 0 | E131: 0 | F131: 0 | G131: 0 | H131: 0 | I131: 0 | J131: =SUM(D131:I131) -> 0 | K131: =SUM(D131:H131) -> 0 | L131: =B131*K131 -> 0 | M131: MAR 09 2019 | N131: MAR 09 2021
... A140: 192241 | B140: 45 | C140: =SUM(B140*5) -> 225 | D140: 0 | E140: 0 | F140: 0 | G140: 0 | H140: 0 | I140: 0 | J140: =SUM(D140:I140) -> 0 | K140: =SUM(D140:H140) -> 0 | L140: =B140*K140 -> 0 | M140: MAR 18 2019 | N140: MAR 18 2021
A141: 192242 | B141: 0 | C141: =SUM(B141*5) -> 0 | D141: 0 | E141: 0 | F141: 1 | G141: 1 | H141: 1 | I141: 1 | J141: =SUM(D141:I141) -> 4 | K141: =SUM(D141:H141) -> 3 | L141: =B141*K141 -> 0 | M141: MAR 21 2019 | N141: OCT 19 2020 | O141: Regualr customer report to lost Kia 0449 077 737 will get re-issue for totally 5/5 | V141: spent 1 already then give 4 more | Y141: Re-issued #192242 4 more on 21/03/19
A142: 192243 | B142: 45 | C142: =SUM(B142*5) -> 225 | D142: 0 | E142: 0 | F142: 0 | G142: 0 | H142: 0 | I142: 0 | J142: =SUM(D142:I142) -> 0 | K142: =SUM(D142:H142) -> 0 | L142: =B142*K142 -> 0 | M142: MAR 22 2019 | N142: MAR 22 2021
A143: 192244 | B143: 45 | C143: =SUM(B143*5) -> 225 | D143: 1 | E143: 1 | F143: 1 | G143: 1 | H143: 1 | I143: 1 | J143: =SUM(D143:I143) -> 6 | K143: =SUM(D143:H143) -> 5 | L143: =B143*K143 -> 225 | M143: MAR 22 2019 | N143: MAR 22 2021
A144: 192245 | B144: 45 | C144: =SUM(B144*5) -> 225 | D144: 0 | E144: 0 | F144: 0 | G144: 0 | H144: 0 | I144: 0 | J144: =SUM(D144:I144) -> 0 | K144: =SUM(D144:H144) -> 0 | L144: =B144*K144 -> 0 | M144: MAR 22 2019 | N144: MAR 22 2020
...

Sheet 2020
C1: Amount | L1: Amount | N1: UNCLAIMED
A2: Numbers | C2: sold | L2: Unclaimed | N2: Percentage
C3: =SUM(C6:C222) -> 55735 | L3: =SUM(L6:L2550) -> 14434
A4: No | B4: Unit | C4: Sales | J4: Service(s) | K4: Value | L4: $ | M4: issued on | N4: expires at
B5: Price | C5: Price | D5: (USED) | J5: left | K5: left | L5: left
A6: 202718 | B6: 45 | C6: =SUM(B6*5) -> 225 | D6: 0 | E6: 0 | F6: 0 | G6: 0 | H6: 0 | I6: 0 | J6: =SUM(D6:I6) -> 0 | K6: =SUM(D6:H6) -> 0 | L6: =B6*K6 -> 0 | M6: JAN 02 2020 | N6: JAN 02 2022
A7: 202719 | B7: 45 | C7: =SUM(B7*5) -> 225 | D7: 0 | E7: 0 | F7: 0 | G7: 0 | H7: 1 | I7: 1 | J7: =SUM(D7:I7) -> 2 | K7: =SUM(D7:H7) -> 1 | L7: =B7*K7 -> 45 | M7: JAN 02 2020 | N7: JAN 02 2022
A8: 202720 | B8: 45 | C8: =SUM(B8*5) -> 225 | D8: 0 | E8: 0 | F8: 0 | G8: 0 | H8: 0 | I8: 0 | J8: =SUM(D8:I8) -> 0 | K8: =SUM(D8:H8) -> 0 | L8: =B8*K8 -> 0 | M8: JAN 04 2020 | N8: JAN 04 2022
A9: 202721 | B9: 45 | C9: =SUM(B9*5) -> 225 | D9: 0 | E9: 0 | F9: 0 | G9: 0 | H9: 0 | I9: 1 | J9: =SUM(D9:I9) -> 1 | K9: =SUM(D9:H9) -> 0 | L9: =B9*K9 -> 0 | M9: JAN 08 2020 | N9: JAN 08 2022
A10: 202722 | B10: 60 | C10: =SUM(B10*5) -> 300 | D10: 0 | E10: 0 | F10: 0 | G10: 1 | H10: 1 | I10: 1 | J10: =SUM(D10:I10) -> 3 | K10: =SUM(D10:H10) -> 2 | L10: =B10*K10 -> 120 | M10: JAN 05 2020 | N10: JAN 05 2022
A11: 202723 | B11: 45 | C11: =SUM(B11*5) -> 225 | D11: 0 | E11: 0 | F11: 0 | G11: 0 | H11: 0 | I11: 0 | J11: =SUM(D11:I11) -> 0 | K11: =SUM(D11:H11) -> 0 | L11: =B11*K11 -> 0 | M11: JAN 06 2020 | N11: JAN 06 2022
A12: 202724 | B12: 60 | C12: =SUM(B12*5) -> 300 | D12: 0 | E12: 0 | F12: 0 | G12: 0 | H12: 0 | I12: 0 | J12: =SUM(D12:I12) -> 0 | K12: =SUM(D12:H12) -> 0 | L12: =B12*K12 -> 0 | M12: JAN 07 2020 | N12: JAN 07 2022
A13: 202725 | B13: 45 | C13: =SUM(B13*5) -> 225 | D13: 0 | E13: 0 | F13: 0 | G13: 0 | H13: 0 | I13: 0 | J13: =SUM(D13:I13) -> 0 | K13: =SUM(D13:H13) -> 0 | L13: =B13*K13 -> 0 | M13: JAN 07 2020 | N13: JAN 07 2022
A14: 202726 | B14: 50 | C14: =SUM(B14*5) -> 250 | D14: 0 | E14: 0 | F14: 0 | G14: 0 | H14: 0 | I14: 0 | J14: =SUM(D14:I14) -> 0 | K14: =SUM(D14:H14) -> 0 | L14: =B14*K14 -> 0 | M14: JAN 07 2020 | N14: JAN 07 2022
A15: 202727 | B15: 45 | C15: =SUM(B15*5) -> 225 | D15: 0 | E15: 0 | F15: 0 | G15: 0 | H15: 0 | I15: 0 | J15: =SUM(D15:I15) -> 0 | K15: =SUM(D15:H15) -> 0 | L15: =B15*K15 -> 0 | M15: JAN 09 2020 | N15: JAN 09 2022
A16: 202728 | B16: 45 | C16: =SUM(B16*5) -> 225 | D16: 0 | E16: 0 | F16: 0 | G16: 1 | H16: 1 | I16: 1 | J16: =SUM(D16:I16) -> 3 | K16: =SUM(D16:H16) -> 2 | L16: =B16*K16 -> 90 | M16: JAN 09 2020 | N16: JAN 09 2022
A17: 202729 | B17: 45 | C17: =SUM(B17*5) -> 225 | D17: 0 | E17: 0 | F17: 0 | G17: 0 | H17: 0 | I17: 0 | J17: =SUM(D17:I17) -> 0 | K17: =SUM(D17:H17) -> 0 | L17: =B17*K17 -> 0 | M17: JAN 09 2020 | N17: JAN 09 2022
... A19: 202731 | B19: 45 | C19: =SUM(B19*5) -> 225 | D19: 0 | E19: 0 | F19: 0 | G19: 0 | H19: 0 | I19: 0 | J19: =SUM(D19:I19) -> 0 | K19: =SUM(D19:H19) -> 0 | L19: =B19*K19 -> 0 | M19: JAN 10 2020 | N19: JAN 10 2022
A20: 202732 | B20: 45 | C20: =SUM(B20*5) -> 225 | D20: 0 | E20: 0 | F20: 0 | G20: 0 | H20: 1 | I20: 1 | J20: =SUM(D20:I20) -> 2 | K20: =SUM(D20:H20) -> 1 | L20: =B20*K20 -> 45 | M20: JAN 10 2020 | N20: JAN 10 2022 | O20: UPSIZE PAID 21/08/20
A21: 202733 | B21: 45 | C21: =SUM(B21*5) -> 225 | D21: 0 | E21: 0 | F21: 0 | G21: 0 | H21: 0 | I21: 0 | J21: =SUM(D21:I21) -> 0 | K21: =SUM(D21:H21) -> 0 | L21: =B21*K21 -> 0 | M21: JAN 11 2020 | N21: JAN 11 2022
A22: 202734 | B22: 60 | C22: =SUM(B22*5) -> 300 | D22: 0 | E22: 0 | F22: 0 | G22: 1 | H22: 1 | I22: 1 | J22: =SUM(D22:I22) -> 3 | K22: =SUM(D22:H22) -> 2 | L22: =B22*K22 -> 120 | M22: JAN 12 2020 | N22: JAN 12 2022
A23: 202735 | B23: 60 | C23: =SUM(B23*5) -> 300 | D23: 0 | E23: 0 | F23: 0 | G23: 0 | H23: 0 | I23: 0 | J23: =SUM(D23:I23) -> 0 | K23: =SUM(D23:H23) -> 0 | L23: =B23*K23 -> 0 | M23: JAN 12 2020 | N23: JAN 12 2022
A24: 202736 | B24: 60 | C24: =SUM(B24*5) -> 300 | D24: 0 | E24: 0 | F24: 0 | G24: 0 | H24: 0 | I24: 0 | J24: =SUM(D24:I24) -> 0 | K24: =SUM(D24:H24) -> 0 | L24: =B24*K24 -> 0 | M24: JAN 13 2020 | N24: JAN 13 2022
A25: 202737 | B25: 60 | C25: =SUM(B25*5) -> 300 | D25: 0 | E25: 0 | F25: 0 | G25: 0 | H25: 0 | I25: 0 | J25: =SUM(D25:I25) -> 0 | K25: =SUM(D25:H25) -> 0 | L25: =B25*K25 -> 0 | M25: JAN 13 2020 | N25: JAN 13 2022
A26: 202738 | B26: 60 | C26: =SUM(B26*5) -> 300 | D26: 0 | E26: 0 | F26: 0 | G26: 0 | H26: 1 | I26: 1 | J26: =SUM(D26:I26) -> 2 | K26: =SUM(D26:H26) -> 1 | L26: =B26*K26 -> 60 | M26: JAN 13 2020 | N26: JAN 13 2022
A27: 202739 | B27: 45 | C27: =SUM(B27*5) -> 225 | D27: 0 | E27: 0 | F27: 0 | G27: 1 | H27: 1 | I27: 1 | J27: =SUM(D27:I27) -> 3 | K27: =SUM(D27:H27) -> 2 | L27: =B27*K27 -> 90 | M27: JAN 14 2020 | N27: JAN 14 2022
A28: 202740 | B28: 60 | C28: =SUM(B28*5) -> 300 | D28: 0 | E28: 0 | F28: 0 | G28: 0 | H28: 0 | I28: 0 | J28: =SUM(D28:I28) -> 0 | K28: =SUM(D28:H28) -> 0 | L28: =B28*K28 -> 0 | M28: JAN 15 2020 | N28: JAN 15 2022
A29: 202741 | B29: 45 | C29: =SUM(B29*3) -> 135 | D29: 0 | E29: 0 | F29: 0 | J29: =SUM(D29:I29) -> 0 | K29: =SUM(D29:H29) -> 0 | L29: =B29*K29 -> 0 | M29: JAN 15 2020 | N29: JAN 15 2022 | O29: DLXx3 phone auth
A30: 202742 | B30: 60 | C30: =SUM(B30*5) -> 300 | D30: 0 | E30: 0 | F30: 0 | G30: 0 | H30: 0 | I30: 0 | J30: =SUM(D30:I30) -> 0 | K30: =SUM(D30:H30) -> 0 | L30: =B30*K30 -> 0 | M30: JAN 19 2020 | N30: JAN 19 2022
A31: 202743 | B31: 45 | C31: =SUM(B31*5) -> 225 | D31: 0 | E31: 0 | F31: 0 | G31: 0 | H31: 0 | I31: 0 | J31: =SUM(D31:I31) -> 0 | K31: =SUM(D31:H31) -> 0 | L31: =B31*K31 -> 0 | M31: JAN 20 2020 | N31: JAN 20 2022
A32: 202744 | B32: 50 | C32: =SUM(B32*5) -> 250 | D32: 0 | E32: 0 | F32: 0 | G32: 1 | H32: 1 | I32: 1 | J32: =SUM(D32:I32) -> 3 | K32: =SUM(D32:H32) -> 2 | L32: =B32*K32 -> 100 | M32: JAN 21 2020 | N32: JAN 21 2022
A33: 202745 | B33: 45 | C33: =SUM(B33*5) -> 225 | D33: 0 | E33: 0 | F33: 0 | G33: 0 | H33: 0 | I33: 0 | J33: =SUM(D33:I33) -> 0 | K33: =SUM(D33:H33) -> 0 | L33: =B33*K33 -> 0 | M33: JAN 21 2020 | N33: JAN 21 2022
A34: 202746 | B34: 0 | C34: =SUM(B34*5) -> 0 | D34: 1 | J34: =SUM(D34:I34) -> 1 | K34: =SUM(D34:H34) -> 1 | L34: =B34*K34 -> 0 | M34: JAN 23 2020 | N34: JAN 23 2022 | O34: Comp once for 22/01 ID $295 complaint
A35: 202747 | B35: 45 | C35: =SUM(B35*5) -> 225 | D35: 0 | E35: 0 | F35: 0 | G35: 1 | H35: 1 | I35: 1 | J35: =SUM(D35:I35) -> 3 | K35: =SUM(D35:H35) -> 2 | L35: =B35*K35 -> 90 | M35: JAN 23 2020 | N35: JAN 23 2022
A36: 202748 | B36: 45 | C36: =SUM(B36*5) -> 225 | D36: 0 | E36: 0 | F36: 0 | G36: 0 | H36: 0 | I36: 0 | J36: =SUM(D36:I36) -> 0 | K36: =SUM(D36:H36) -> 0 | L36: =B36*K36 -> 0 | M36: JAN 24 2020 | N36: JAN 24 2022
A37: 202749 | B37: 50 | C37: =SUM(B37*5) -> 250 | D37: 0 | E37: 1 | F37: 1 | G37: 1 | H37: 1 | I37: 1 | J37: =SUM(D37:I37) -> 5 | K37: =SUM(D37:H37) -> 4 | L37: =B37*K37 -> 200 | M37: JAN 25 2020 | N37: JAN 25 2022
A38: 202750 | B38: 45 | C38: =SUM(B38*5) -> 225 | D38: 0 | E38: 0 | F38: 0 | G38: 1 | H38: 1 | I38: 1 | J38: =SUM(D38:I38) -> 3 | K38: =SUM(D38:H38) -> 2 | L38: =B38*K38 -> 90 | M38: JAN 25 2020 | N38: JAN 25 2022
A39: 202751 | B39: 50 | C39: =SUM(B39*5) -> 250 | D39: 0 | E39: 0 | F39: 0 | G39: 0 | H39: 0 | I39: 0 | J39: =SUM(D39:I39) -> 0 | K39: =SUM(D39:H39) -> 0 | L39: =B39*K39 -> 0 | M39: JAN 26 2020 | N39: JAN 26 2022
A40: 202752 | B40: 60 | C40: =SUM(B40*5) -> 300 | D40: 0 | E40: 0 | F40: 0 | G40: 0 | H40: 1 | I40: 1 | J40: =SUM(D40:I40) -> 2 | K40: =SUM(D40:H40) -> 1 | L40: =B40*K40 -> 60 | M40: JAN 26 2020 | N40: JAN 26 2022
A41: 202753 | B41: 45 | C41: =SUM(B41*5) -> 225 | D41: 0 | E41: 0 | F41: 0 | G41: 0 | H41: 0 | I41: 0 | J41: =SUM(D41:I41) -> 0 | K41: =SUM(D41:H41) -> 0 | L41: =B41*K41 -> 0 | M41: JAN 27 2020 | N41: JAN 27 2022
A42: 202754 | B42: 60 | C42: =SUM(B42*5) -> 300 | D42: 0 | E42: 0 | F42: 0 | G42: 0 | H42: 1 | I42: 1 | J42: =SUM(D42:I42) -> 2 | K42: =SUM(D42:H42) -> 1 | L42: =B42*K42 -> 60 | M42: JAN 27 2020 | N42: JAN 27 2022
A43: 202755 | B43: 60 | C43: =SUM(B43*5) -> 300 | D43: 0 | E43: 0 | F43: 0 | G43: 0 | H43: 0 | I43: 1 | J43: =SUM(D43:I43) -> 1 | K43: =SUM(D43:H43) -> 0 | L43: =B43*K43 -> 0 | M43: JAN 28 2020 | N43: JAN 28 2022
A44: 202756 | B44: 45 | C44: =SUM(B44*5) -> 225 | D44: 0 | E44: 0 | F44: 0 | G44: 0 | H44: 0 | I44: 0 | J44: =SUM(D44:I44) -> 0 | K44: =SUM(D44:H44) -> 0 | L44: =B44*K44 -> 0 | M44: JAN 29 2020 | N44: JAN 29 2022
A45: 202757 | B45: 50 | C45: =SUM(B45*5) -> 250 | D45: 0 | E45: 0 | F45: 0 | G45: 0 | H45: 0 | I45: 1 | J45: =SUM(D45:I45) -> 1 | K45: =SUM(D45:H45) -> 0 | L45: =B45*K45 -> 0 | M45: JAN 29 2020 | N45: JAN 29 2022
A46: 202758 | B46: 45 | C46: =SUM(B46*5) -> 225 | D46: 0 | E46: 0 | F46: 0 | G46: 0 | H46: 1 | I46: 1 | J46: =SUM(D46:I46) -> 2 | K46: =SUM(D46:H46) -> 1 | L46: =B46*K46 -> 45 | M46: JAN 29 2020 | N46: JAN 29 2022
... A51: 202763 | B51: 45 | C51: =SUM(B51*5) -> 225 | D51: 0 | E51: 0 | F51: 0 | G51: 0 | H51: 0 | I51: 0 | J51: =SUM(D51:I51) -> 0 | K51: =SUM(D51:H51) -> 0 | L51: =B51*K51 -> 0 | M51: FEB 01 2020 | N51: FEB 01 2022
A52: 202764 | B52: 45 | C52: =SUM(B52*10) -> 450 | D52: 0 | E52: 0 | F52: 0 | G52: 0 | H52: 0 | I52: 0 | J52: =SUM(D52:I53) -> 6 | K52: =SUM(D52:H53) -> 5 | L52: =B52*K52 -> 225 | M52: FEB 01 2020 | N52: FEB 01 2022
D53: 1 | E53: 1 | F53: 1 | G53: 1 | H53: 1 | I53: 1 | J53: =SUM(D53:I53) -> 6 | K53: =SUM(D53:H53) -> 5 | L53: =B53*K53 -> 0
A54: 202765 | B54: 45 | C54: =SUM(B54*5) -> 225 | D54: 0 | E54: 0 | F54: 0 | G54: 0 | H54: 0 | I54: 0 | J54: =SUM(D54:I54) -> 0 | K54: =SUM(D54:H54) -> 0 | L54: =B54*K54 -> 0 | M54: FEB 01 2020 | N54: FEB 01 2022
A55: 202766 | B55: 90 | C55: =SUM(B55*5) -> 450 | D55: 0 | E55: 0 | F55: 0 | G55: 0 | H55: 0 | I55: 0 | J55: =SUM(D55:I55) -> 0 | K55: =SUM(D55:H55) -> 0 | L55: =B55*K55 -> 0 | M55: FEB 02 2020 | N55: FEB 02 2022
A56: 202767 | B56: 60 | C56: =SUM(B56*5) -> 300 | D56: 0 | E56: 0 | F56: 1 | G56: 1 | H56: 1 | I56: 1 | J56: =SUM(D56:I56) -> 4 | K56: =SUM(D56:H56) -> 3 | L56: =B56*K56 -> 180 | M56: FEB 02 2020 | N56: FEB 02 2022
A57: 202768 | B57: 60 | C57: =SUM(B57*5) -> 300 | D57: 0 | E57: 0 | F57: 0 | G57: 0 | H57: 0 | I57: 0 | J57: =SUM(D57:I57) -> 0 | K57: =SUM(D57:H57) -> 0 | L57: =B57*K57 -> 0 | M57: FEB 02 2020 | N57: FEB 02 2022
A58: 202769 | B58: 60 | C58: =SUM(B58*5) -> 300 | D58: 0 | E58: 0 | F58: 0 | G58: 0 | H58: 0 | I58: 0 | J58: =SUM(D58:I58) -> 0 | K58: =SUM(D58:H58) -> 0 | L58: =B58*K58 -> 0 | M58: FEB 05 2020 | N58: FEB 02 2022
A59: 202770 | B59: 45 | C59: =SUM(B59*5) -> 225 | D59: 0 | E59: 0 | F59: 0 | G59: 0 | H59: 1 | I59: 1 | J59: =SUM(D59:I59) -> 2 | K59: =SUM(D59:H59) -> 1 | L59: =B59*K59 -> 45 | M59: FEB 16 2020 | N59: FEB 16 2022
A60: 202771 | B60: 120 | C60: =SUM(B60*5) -> 600 | D60: 0 | E60: 0 | F60: 0 | G60: 0 | H60: 0 | I60: 0 | J60: =SUM(D60:I60) -> 0 | K60: =SUM(D60:H60) -> 0 | L60: =B60*K60 -> 0 | M60: FEB 05 2020 | N60: FEB 02 2022
A61: 202772 | B61: 45 | C61: =SUM(B61*5) -> 225 | D61: 0 | E61: 0 | F61: 0 | G61: 0 | H61: 0 | I61: 1 | J61: =SUM(D61:I61) -> 1 | K61: =SUM(D61:H61) -> 0 | L61: =B61*K61 -> 0 | M61: FEB 16 2020 | N61: FEB 16 2022
A62: 202773 | B62: 60 | C62: =SUM(B62*5) -> 300 | D62: 0 | E62: 0 | F62: 0 | G62: 0 | H62: 0 | I62: 0 | J62: =SUM(D62:I62) -> 0 | K62: =SUM(D62:H62) -> 0 | L62: =B62*K62 -> 0 | M62: FEB 17 2020 | N62: FEB 17 2022
A63: 202774 | B63: 0 | C63: =SUM(B63*5) -> 0 | D63: 1 | J63: =SUM(D63:I63) -> 1 | K63: =SUM(D63:H63) -> 1 | L63: =B63*K63 -> 0 | M63: FEB 17 2020 | N63: FEB 17 2021 | O63: Comp for complaint, ID mispart by Hendra
A64: 202775 | B64: 45 | C64: =SUM(B64*5) -> 225 | D64: 0 | E64: 0 | F64: 1 | G64: 1 | H64: 1 | I64: 1 | J64: =SUM(D64:I64) -> 4 | K64: =SUM(D64:H64) -> 3 | L64: =B64*K64 -> 135 | M64: FEB 19 2020 | N64: FEB 19 2022
A65: 202776 | B65: 60 | C65: =SUM(B65*5) -> 300 | D65: 0 | E65: 0 | F65: 0 | G65: 0 | H65: 0 | I65: 0 | J65: =SUM(D65:I65) -> 0 | K65: =SUM(D65:H65) -> 0 | L65: =B65*K65 -> 0 | M65: FEB 19 2020 | N65: FEB 19 2022
A66: 202777 | B66: 60 | C66: =SUM(B66*5) -> 300 | D66: 0 | E66: 0 | F66: 0 | G66: 0 | H66: 0 | I66: 0 | J66: =SUM(D66:I66) -> 0 | K66: =SUM(D66:H66) -> 0 | L66: =B66*K66 -> 0 | M66: FEB 19 2020 | N66: FEB 19 2022 | O66: Offer 2more by overcharge $300 from $225
A67: 202778 | B67: 60 | C67: =SUM(B67*5) -> 300 | D67: 0 | E67: 0 | F67: 0 | G67: 1 | H67: 1 | I67: 1 | J67: =SUM(D67:I67) -> 3 | K67: =SUM(D67:H67) -> 2 | L67: =B67*K67 -> 120 | M67: FEB 21 2020 | N67: FEB 21 2022
A68: 202779 | B68: 45 | C68: =SUM(B68*5) -> 225 | D68: 0 | E68: 0 | F68: 0 | G68: 1 | H68: 1 | I68: 1 | J68: =SUM(D68:I68) -> 3 | K68: =SUM(D68:H68) -> 2 | L68: =B68*K68 -> 90 | M68: FEB 23 2020 | N68: FEB 23 2022
A69: 202780 | B69: 60 | C69: =SUM(B69*5) -> 300 | D69: 0 | E69: 0 | F69: 0 | G69: 0 | H69: 0 | I69: 1 | J69: =SUM(D69:I69) -> 1 | K69: =SUM(D69:H69) -> 0 | L69: =B69*K69 -> 0 | M69: FEB 23 2020 | N69: FEB 23 2022
A70: 202781 | B70: 45 | C70: =SUM(B70*5) -> 225 | D70: 0 | E70: 0 | F70: 0 | G70: 0 | H70: 1 | I70: 1 | J70: =SUM(D70:I70) -> 2 | K70: =SUM(D70:H70) -> 1 | L70: =B70*K70 -> 45 | M70: FEB 24 2020 | N70: FEB 24 2022
A71: 202782 | B71: 60 | C71: =SUM(B71*5) -> 300 | D71: 0 | E71: 0 | F71: 0 | G71: 0 | H71: 1 | I71: 1 | J71: =SUM(D71:I71) -> 2 | K71: =SUM(D71:H71) -> 1 | L71: =B71*K71 -> 60 | M71: FEB 26 2020 | N71: FEB 26 2022
A72: 202783 | B72: 45 | C72: =SUM(B72*5) -> 225 | D72: 0 | E72: 0 | F72: 0 | G72: 0 | H72: 0 | I72: 0 | J72: =SUM(D72:I72) -> 0 | K72: =SUM(D72:H72) -> 0 | L72: =B72*K72 -> 0 | M72: FEB 27 2020 | N72: FEB 27 2022
A73: 202784 | B73: 100 | C73: =SUM(B73*5) -> 500 | D73: 0 | E73: 1 | F73: 1 | G73: 1 | H73: 1 | I73: 1 | J73: =SUM(D73:I73) -> 5 | K73: =SUM(D73:H73) -> 4 | L73: =B73*K73 -> 400 | M73: FEB 27 2020 | N73: FEB 27 2022
A74: 202785 | B74: 50 | C74: =SUM(B74*5) -> 250 | D74: 1 | E74: 1 | F74: 1 | G74: 1 | H74: 1 | I74: 1 | J74: =SUM(D74:I74) -> 6 | K74: =SUM(D74:H74) -> 5 | L74: =B74*K74 -> 250 | M74: FEB 28 2020 | N74: FEB 28 2022
A75: 202786 | B75: 45 | C75: =SUM(B75*5) -> 225 | D75: 0 | E75: 0 | F75: 0 | G75: 0 | H75: 0 | I75: 1 | J75: =SUM(D75:I75) -> 1 | K75: =SUM(D75:H75) -> 0 | L75: =B75*K75 -> 0 | M75: FEB 29 2020 | N75: FEB 29 2022
A76: 202787 | B76: 45 | C76: =SUM(B76*5) -> 225 | D76: 0 | E76: 0 | F76: 0 | G76: 1 | H76: 1 | I76: 1 | J76: =SUM(D76:I76) -> 3 | K76: =SUM(D76:H76) -> 2 | L76: =B76*K76 -> 90 | M76: FEB 29 2020 | N76: FEB 29 2022
A77: 202788 | B77: 45 | C77: =SUM(B77*5) -> 225 | D77: 0 | E77: 0 | F77: 0 | G77: 0 | H77: 1 | I77: 1 | J77: =SUM(D77:I77) -> 2 | K77: =SUM(D77:H77) -> 1 | L77: =B77*K77 -> 45 | M77: MAR 01 2020 | N77: MAR 01 2022
A78: 202789 | B78: 60 | C78: =SUM(B78*5) -> 300 | D78: 0 | E78: 0 | F78: 0 | G78: 0 | H78: 1 | I78: 1 | J78: =SUM(D78:I78) -> 2 | K78: =SUM(D78:H78) -> 1 | L78: =B78*K78 -> 60 | M78: MAR 01 2020 | N78: MAR 01 2022
... A94: 202805 | B94: 60 | C94: =SUM(B94*5) -> 300 | D94: 0 | E94: 0 | F94: 0 | G94: 0 | H94: 0 | I94: 0 | J94: =SUM(D94:I94) -> 0 | K94: =SUM(D94:H94) -> 0 | L94: =B94*K94 -> 0 | M94: MAR 23 2020 | N94: MAR 23 2022
A95: 202806 | B95: 45 | C95: =SUM(B95*5) -> 225 | D95: 0 | E95: 0 | F95: 0 | G95: 0 | H95: 0 | I95: 0 | J95: =SUM(D95:I95) -> 0 | K95: =SUM(D95:H95) -> 0 | L95: =B95*K95 -> 0 | M95: MAR 23 2020 | N95: MAR 23 2022 | O95: 7th
A96: 202807 | B96: 45 | C96: =SUM(B96*5) -> 225 | D96: 0 | E96: 0 | F96: 0 | G96: 0 | H96: 0 | I96: 0 | J96: =SUM(D96:I96) -> 0 | K96: =SUM(D96:H96) -> 0 | L96: =B96*K96 -> 0 | M96: APR 05 2020 | N96: APR 05 2022
A97: 202808 | B97: 45 | C97: =SUM(B97*5) -> 225 | D97: 0 | E97: 0 | F97: 1 | G97: 1 | H97: 1 | I97: 1 | J97: =SUM(D97:I97) -> 4 | K97: =SUM(D97:H97) -> 3 | L97: =B97*K97 -> 135 | M97: APR 09 2020 | N97: APR 09 2022
A98: 202809 | B98: 45 | C98: =SUM(B98*5) -> 225 | D98: 0 | E98: 0 | F98: 0 | G98: 0 | H98: 0 | I98: 0 | J98: =SUM(D98:I98) -> 0 | K98: =SUM(D98:H98) -> 0 | L98: =B98*K98 -> 0 | M98: APR 17 2020 | N98: APR 17 2022
A99: 202810 | B99: 60 | C99: =SUM(B99*5) -> 300 | D99: 0 | E99: 0 | F99: 1 | G99: 1 | H99: 1 | I99: 1 | J99: =SUM(D99:I99) -> 4 | K99: =SUM(D99:H99) -> 3 | L99: =B99*K99 -> 180 | M99: APR 18 2020 | N99: APR 18 2022
A100: 202811 | B100: 60 | C100: =SUM(B100*5) -> 300 | D100: 0 | E100: 0 | F100: 0 | G100: 0 | H100: 0 | I100: 0 | J100: =SUM(D100:I100) -> 0 | K100: =SUM(D100:H100) -> 0 | L100: =B100*K100 -> 0 | M100: APR 19 2020 | N100: APR 19 2022
A101: 202812 | B101: 60 | C101: =SUM(B101*5) -> 300 | D101: 0 | E101: 0 | F101: 0 | G101: 0 | H101: 0 | I101: 0 | J101: =SUM(D101:I101) -> 0 | K101: =SUM(D101:H101) -> 0 | L101: =B101*K101 -> 0 | M101: APR 19 2020 | N101: APR 19 2022
A102: 202813 | B102: 45 | C102: =SUM(B102*5) -> 225 | D102: 1 | E102: 1 | F102: 1 | G102: 1 | H102: 1 | I102: 1 | J102: =SUM(D102:I102) -> 6 | K102: =SUM(D102:H102) -> 5 | L102: =B102*K102 -> 225 | M102: APR 21 2020 | N102: APR 21 2022
A103: 202814 | B103: 60 | C103: =SUM(B103*5) -> 300 | D103: 0 | E103: 0 | F103: 0 | G103: 0 | H103: 0 | I103: 0 | J103: =SUM(D103:I103) -> 0 | K103: =SUM(D103:H103) -> 0 | L103: =B103*K103 -> 0 | M103: APR 27 2020 | N103: APR 27 2022
A104: 202815 | B104: 60 | C104: =SUM(B104*5) -> 300 | D104: 0 | E104: 0 | F104: 1 | G104: 1 | H104: 1 | I104: 1 | J104: =SUM(D104:I104) -> 4 | K104: =SUM(D104:H104) -> 3 | L104: =B104*K104 -> 180 | M104: APR 28 2020 | N104: APR 28 2022
A105: 202816 | B105: 45 | C105: =SUM(B105*5) -> 225 | D105: 0 | E105: 0 | F105: 1 | G105: 1 | H105: 1 | I105: 1 | J105: =SUM(D105:I105) -> 4 | K105: =SUM(D105:H105) -> 3 | L105: =B105*K105 -> 135 | M105: APR 29 2020 | N105: APR 29 2022
A106: 202817 | B106: 45 | C106: =SUM(B106*5) -> 225 | D106: 0 | E106: 0 | F106: 0 | G106: 0 | H106: 0 | I106: 0 | J106: =SUM(D106:I106) -> 0 | K106: =SUM(D106:H106) -> 0 | L106: =B106*K106 -> 0 | M106: MAY 01 2020 | N106: MAY 01 2022
A107: 202818 | B107: 45 | C107: =SUM(B107*5) -> 225 | D107: 0 | E107: 0 | F107: 0 | G107: 0 | H107: 0 | I107: 0 | J107: =SUM(D107:I107) -> 0 | K107: =SUM(D107:H107) -> 0 | L107: =B107*K107 -> 0 | M107: MAY 01 2020 | N107: MAY 01 2022 | O107: WIFE
A108: 202819 | B108: 60 | C108: =SUM(B108*5) -> 300 | D108: 0 | E108: 0 | F108: 0 | G108: 0 | H108: 0 | I108: 1 | J108: =SUM(D108:I108) -> 1 | K108: =SUM(D108:H108) -> 0 | L108: =B108*K108-60 -> -60 | M108: MAY 01 2020 | N108: MAY 01 2022 | O108: HUSBAND
A109: 202820 | B109: 60 | C109: =SUM(B109*5) -> 300 | D109: 0 | E109: 0 | F109: 1 | G109: 1 | H109: 1 | I109: 1 | J109: =SUM(D109:I109) -> 4 | K109: =SUM(D109:H109) -> 3 | L109: =B109*K109 -> 180 | M109: MAR 01 2020 | N109: MAR 01 2022 | O109: BR print & signed as #202790 to #202819 by not given to BR from Paul as absent
A110: 202821 | B110: 35 | C110: =SUM(B110*10) -> 350 | D110: 0 | E110: 0 | F110: 0 | G110: 1 | H110: 1 | I110: 1 | J110: =SUM(D110:I111) -> 9 | K110: =SUM(D110:H111) -> 7 | L110: =B110*K110 -> 245 | M110: MAR 02 2020 | N110: MAR 02 2022 | O110: BR print & signed as #202790 to #202819 by not given to BR from Paul as absent
D111: 1 | E111: 1 | F111: 1 | G111: 1 | H111: 1 | I111: 1
A112: 202822 | B112: 45 | C112: =SUM(B112*5) -> 225 | D112: 0 | E112: 0 | F112: 0 | G112: 0 | H112: 0 | I112: 0 | J112: =SUM(D112:I112) -> 0 | K112: =SUM(D112:H112) -> 0 | L112: =B112*K112 -> 0 | M112: MAR 03 2020 | N112: MAR 03 2022 | O112: BR print & signed as #202790 to #202819 by not given to BR from Paul as absent
A113: 202823 | B113: 45 | C113: =SUM(B113*5) -> 225 | D113: 0 | E113: 0 | F113: 0 | G113: 0 | H113: 1 | I113: 1 | J113: =SUM(D113:I113) -> 2 | K113: =SUM(D113:H113) -> 1 | L113: =B113*K113 -> 45 | M113: MAR 03 2020 | N113: MAR 03 2022 | O113: BR print & signed as #202790 to #202819 by not given to BR from Paul as absent
A114: 202824 | B114: 60 | C114: =SUM(B114*5) -> 300 | D114: 0 | E114: 0 | F114: 0 | G114: 0 | H114: 0 | I114: 1 | J114: =SUM(D114:I114) -> 1 | K114: =SUM(D114:H114) -> 0 | L114: =B114*K114 -> 0 | M114: MAR 03 2020 | N114: MAR 03 2022 | O114: BR print & signed as #202790 to #202819 by not given to BR from Paul as absent
A115: 202825 | B115: 45 | C115: =SUM(B115*5) -> 225 | D115: 0 | E115: 0 | F115: 0 | G115: 0 | H115: 0 | I115: 0 | J115: =SUM(D115:I115) -> 0 | K115: =SUM(D115:H115) -> 0 | L115: =B115*K115 -> 0 | M115: MAR 04 2020 | N115: MAR 04 2022 | O115: BR print & signed as #202790 to #202819 by not given to BR from Paul as absent
A116: 202826 | B116: 45 | C116: =SUM(B116*5) -> 225 | D116: 0 | E116: 0 | F116: 0 | G116: 0 | H116: 0 | I116: 0 | J116: =SUM(D116:I116) -> 0 | K116: =SUM(D116:H116) -> 0 | L116: =B116*K116 -> 0 | M116: MAY 02 2020 | N116: MAY 02 2022
A117: 202827 | B117: 45 | C117: =SUM(B117*5) -> 225 | D117: 0 | E117: 0 | F117: 0 | G117: 0 | H117: 0 | I117: 0 | J117: =SUM(D117:I117) -> 0 | K117: =SUM(D117:H117) -> 0 | L117: =B117*K117 -> 0 | M117: MAY 05 2020 | N117: MAY 05 2022
A118: 202828 | B118: 45 | C118: =SUM(B118*5) -> 225 | D118: 0 | E118: 0 | F118: 1 | G118: 1 | H118: 1 | I118: 1 | J118: =SUM(D118:I118) -> 4 | K118: =SUM(D118:H118) -> 3 | L118: =B118*K118 -> 135 | M118: MAY 07 2020 | N118: MAY 07 2022
A119: 202829 | B119: 50 | C119: =SUM(B119*5) -> 250 | D119: 0 | E119: 0 | F119: 0 | G119: 0 | H119: 1 | I119: 1 | J119: =SUM(D119:I119) -> 2 | K119: =SUM(D119:H119) -> 1 | L119: =B119*K119 -> 50 | M119: MAY 08 2020 | N119: MAY 08 2022
A120: 202830 | B120: 60 | C120: =SUM(B120*5) -> 300 | D120: 0 | E120: 0 | F120: 1 | G120: 1 | H120: 1 | I120: 1 | J120: =SUM(D120:I120) -> 4 | K120: =SUM(D120:H120) -> 3 | L120: =B120*K120 -> 180 | M120: MAY 08 2020 | N120: MAY 08 2022
...

Sheet SUMMARY
A2: B2 | B2: Amount Sold | C2: Amoumt unclaimed | D2: Amount Expired | E2: unclaimed %
A3: 2012 | B3: 17150 | C3: 585 | D3: =SUM('OCT2012'!M2) -> 585 | E3: =C3/B3 -> 0.034110787 | G3: Finalised
A4: 2013 | B4: 52043 | C4: 2040 | D4: =SUM('2013'!L3) -> 2040 | E4: =C4/B4 -> 0.039198355
A5: 2014 | B5: 71420 | C5: 4740 | D5: =SUM('2014'!L3) -> 4740 | E5: =C5/B5 -> 0.066367964
A6: 2015 | B6: 78825 | C6: 4909 | D6: =SUM('2015'!L3) -> 4909 | E6: =C6/B6 -> 0.062277196
A7: 2016 | B7: 84775 | C7: 6530 | D7: =SUM('2016'!L3) -> 6530 | E7: =C7/B7 -> 0.077027426
A8: 2017 | B8: 102835 | C8: 7130 | D8: =SUM('2017'!L3) -> 7130 | E8: =C8/B8 -> 0.069334371
A9: 2018 | B9: ='2018'!C3 -> 126435 | C9: ='2018'!L3 -> 10480 | D9: =SUM('2018'!K3) -> 7560 | E9: =C9/B9 -> 0.082888441 | F9: updated on 04/11/2020
A10: 2019 | B10: ='2019'!C3 -> 162030 | C10: ='2019'!L3 -> 21735 | E10: =C10/B10 -> 0.13414183
A11: 2020 | B11: ='2020'!C3 -> 55735 | C11: ='2020'!L3 -> 14434 | E11: =C11/B11 -> 0.25897551
A14: Unclaimed total | C14: =SUM(C3:C11) -> 72583
A16: Expired | C16: =SUM(C3:C8) -> 25934
A17: Expired in 2018 | C17: =D9 -> 7560
B18: Subtotal | C18: =SUM(C16:C17) -> 33494
B20: Amount sold | C20: Value left
A21: TOTAL | B21: =SUM(B3:B14) -> 751248 | C21: =C14-C18 -> 39089

Sheet ALL BRANCH
C1: Amount | L1: Amount
A2: Numbers | C2: sold | L2: left
C3: =SUM(C7:C306) -> 0 | L3: =SUM(L7:L306) -> 0
A4: No | B4: Unit | C4: Sales | J4: Service(s) | K4: Value | L4: $ | M4: issued on | N4: expires at | O4: Customer | P4: Phone | Q4: e-mail
B5: Price | C5: Price | D5: (USED) | J5: left | K5: left | L5: left | O5: Name
A6: 1 | B6: 35 | D6: 1 | F6: Compliment by CEO | J6: =D6 -> 1 | K6: =J6 -> 1 | M6: 42259
A7: 2 | B7: 35 | D7: 1 | F7: Compliment by CEO | J7: =D7 -> 1 | K7: =J7 -> 1 | M7: 42259
A8: 3 | B8: 35 | D8: 1 | F8: Compliment by CEO | J8: =D8 -> 1 | K8: =J8 -> 1 | M8: 42259
A9: 4 | B9: 35 | D9: 1 | F9: Compliment by CEO | J9: =D9 -> 1 | K9: =J9 -> 1 | M9: 42259
A10: 5 | B10: 35 | D10: 1 | F10: Compliment by CEO | J10: =D10 -> 1 | K10: =J10 -> 1 | M10: 42259
A11: 6 | B11: 35 | D11: 1 | F11: Compliment by CEO | J11: =D11 -> 1 | K11: =J11 -> 1 | M11: 42259
A12: 7 | B12: 35 | D12: 1 | F12: Compliment by CEO | J12: =D12 -> 1 | K12: =J12 -> 1 | M12: 42259
A13: 8 | B13: 35 | D13: 1 | F13: Compliment by CEO | J13: =D13 -> 1 | K13: =J13 -> 1 | M13: 42259
A14: 9 | B14: 35 | D14: 1 | F14: Compliment by CEO | J14: =D14 -> 1 | K14: =J14 -> 1 | M14: 42259
A15: 10 | B15: 35 | D15: 1 | F15: Compliment by CEO | J15: =D15 -> 1 | K15: =J15 -> 1 | M15: 42259
A16: 11 | B16: 35 | D16: 1 | F16: Compliment by CEO | J16: =D16 -> 1 | K16: =J16 -> 1 | M16: 42259
A17: 12 | B17: 35 | D17: 1 | F17: Compliment by CEO | J17: =D17 -> 1 | K17: =J17 -> 1 | M17: 42259
... A46: 41 | B46: 45 | D46: 1 | F46: Compliment by CEO | J46: =D46 -> 1 | K46: =J46 -> 1 | M46: 75160

Sheet CRSL MOVEMBER
A1: Issue No | B1: Paid | D1: Used
A2: 16000 001 | B2: 0 | C2: 1
A3: 16000 002 | B3: 0 | C3: 1
A4: 16000 003 | B4: 0 | C4: 1
A5: 17000 004 | B5: 0 | C5: 1
A6: 17000 005 | B6: 0 | C6: 1
A7: 17000 006 | B7: 0 | C7: 1
A8: 18000 007 | B8: 0 | C8: 0 | D8: 07/12/2018
A9: 18000 008 | B9: 0 | C9: 1
A10: 18000 009 | B10: 0 | C10: 1
